Symbol,Price,Type,Strike,"Exp Date",DTE,Bid,Midpoint,Ask,Last,Volume,"Open Int",Vol/OI,IV,Time
NKLA,54.24,Put,100.00,08/21/20,42,59.30,61.75,64.20,61.40,517,1500,0.34,354.54%,07/10/20
CVM,14.3,Put,5.00,08/21/20,42,0.70,0.75,0.80,0.75,710,10862,0.07,321.87%,07/10/20
MCRB,4.51,Put,2.50,08/21/20,42,0.45,0.6,0.75,0.59,557,2318,0.24,310.56%,07/10/20
GNUS,2.35,Call,6.00,08/07/20,28,0.15,0.22,0.30,0.20,559,710,0.79,304.10%,07/10/20
CVM,14.3,Put,10.00,10/16/20,98,4.50,4.6,4.70,4.85,876,5127,0.17,302.26%,07/10/20
CVM,14.3,Put,5.00,10/16/20,98,1.65,1.7,1.75,1.65,1547,14259,0.11,300.30%,07/10/20
GSX,87.63,Put,25.00,08/21/20,42,1.90,1.95,2.00,1.94,1090,2261,0.48,286.49%,07/10/20
GNUS,2.35,Put,2.00,07/31/20,21,0.40,0.43,0.45,0.42,650,832,0.78,284.24%,07/10/20
GNUS,2.35,Call,4.00,07/31/20,21,0.20,0.25,0.30,0.24,797,707,1.13,278.37%,07/10/20
TTOO,1.38,Call,2.50,08/21/20,42,0.20,0.23,0.25,0.25,831,7463,0.11,269.69%,07/10/20
IDEX,1.38,Call,3.00,08/21/20,42,0.15,0.18,0.20,0.19,1125,20385,0.06,267.88%,07/10/20
GSX,87.63,Put,30.00,08/21/20,42,2.35,2.38,2.40,2.35,2098,3884,0.54,261.93%,07/10/20
MCRB,4.51,Call,7.50,08/21/20,42,0.75,0.83,0.90,0.86,1190,296,4.02,260.79%,07/10/20
GNUS,2.35,Call,2.50,08/07/20,28,0.55,0.6,0.65,0.60,504,393,1.28,255.94%,07/10/20
VXRT,7.98,Call,10.00,08/21/20,42,2.00,2.08,2.15,2.08,519,1327,0.39,253.39%,07/10/20
GNUS,2.35,Call,3.00,07/31/20,21,0.35,0.4,0.45,0.36,796,1495,0.53,251.90%,07/10/20
OAS,0.69,Call,1.00,08/21/20,42,0.15,0.18,0.20,0.15,720,4334,0.17,251.81%,07/10/20
GNUS,2.35,Call,4.00,08/21/20,42,0.30,0.35,0.40,0.40,820,3225,0.25,249.87%,07/10/20
NAK,1.5,Call,1.00,08/21/20,42,0.65,0.68,0.70,0.70,549,20740,0.03,247.04%,07/10/20
CRBP,7.68,Call,15.00,08/21/20,42,0.75,0.98,1.20,1.03,2510,13588,0.18,246.88%,07/10/20
GOGO,3.48,Call,2.00,08/21/20,42,1.50,1.58,1.65,1.80,565,6224,0.09,245.84%,07/10/20
NKLA,54.24,Put,30.00,07/31/20,21,1.85,1.93,2.00,1.90,917,198,4.63,245.54%,07/10/20
IDEX,1.38,Call,1.00,08/21/20,42,0.55,0.58,0.60,0.60,669,3058,0.22,244.42%,07/10/20
SOLO,4.41,Put,2.50,08/21/20,42,0.35,0.38,0.40,0.38,627,3530,0.18,243.40%,07/10/20
CRBP,7.68,Call,10.00,08/21/20,42,1.60,1.7,1.80,1.78,3657,15042,0.24,240.58%,07/10/20
VXRT,7.98,Call,17.50,01/15/21,189,3.10,3.55,4.00,3.63,568,617,0.92,240.13%,07/10/20
GTX,5.06,Call,5.00,10/16/20,98,2.10,2.3,2.50,2.35,1826,5898,0.31,236.68%,07/10/20
NKLA,54.24,Put,30.00,08/21/20,42,3.30,3.65,4.00,3.99,985,4889,0.2,233.09%,07/10/20
NKLA,54.24,Put,35.00,08/21/20,42,5.10,5.6,6.10,5.90,782,4644,0.17,231.30%,07/10/20
VXRT,7.98,Call,12.50,01/15/21,189,3.90,4.2,4.50,4.00,564,457,1.23,230.70%,07/10/20
NVAX,94.36,Put,8.00,10/16/20,98,0.05,0.13,0.20,0.19,705,510,1.38,228.62%,07/10/20
IDEX,1.38,Call,2.00,08/21/20,42,0.25,0.28,0.30,0.25,3028,11587,0.26,226.28%,07/10/20
GSX,87.63,Put,40.00,08/21/20,42,3.40,3.55,3.70,3.40,1320,8981,0.15,225.15%,07/10/20
SOLO,4.41,Call,7.50,08/21/20,42,0.60,0.63,0.65,0.60,639,3893,0.16,223.59%,07/10/20
NAK,1.5,Call,2.00,08/21/20,42,0.30,0.32,0.35,0.30,2769,13027,0.21,222.35%,07/10/20
GNUS,2.35,Call,3.00,08/21/20,42,0.50,0.53,0.55,0.50,2841,9575,0.3,222.02%,07/10/20
WKHS,15.18,Put,30.00,08/21/20,42,16.10,16.35,16.60,16.30,12311,6432,1.91,221.38%,07/10/20
NIO,14.98,Call,4.00,08/21/20,42,10.90,11.08,11.25,11.07,579,5979,0.1,219.96%,07/10/20
RRD,1.21,Call,2.00,12/18/20,161,0.50,0.53,0.55,0.50,1087,844,1.29,217.93%,07/10/20
NIO,14.98,Call,23.00,07/31/20,21,1.06,1.08,1.09,1.09,678,1524,0.44,216.69%,07/10/20
XSPA,3.8,Call,5.00,08/21/20,42,0.70,0.75,0.80,0.74,836,2248,0.37,215.52%,07/10/20
NIO,14.98,Call,27.00,08/21/20,42,1.60,1.64,1.67,1.65,667,963,0.69,213.52%,07/10/20
SOLO,4.41,Call,5.00,08/21/20,42,1.05,1.08,1.10,1.05,932,4115,0.23,212.38%,07/10/20
CEMI,4.24,Call,5.00,08/21/20,42,0.95,1.03,1.10,0.95,1243,2098,0.59,211.65%,07/10/20
NIO,14.98,Call,20.00,07/31/20,21,1.53,1.54,1.55,1.53,1072,811,1.32,211.33%,07/10/20
NIO,14.98,Call,18.00,07/31/20,21,1.88,1.94,1.99,1.98,813,756,1.08,209.79%,07/10/20
DS,1.95,Call,2.50,08/21/20,42,0.40,0.43,0.45,0.38,1476,2912,0.51,209.76%,07/10/20
GSX,87.63,Put,45.00,08/21/20,42,4.00,4.1,4.20,4.00,1556,4508,0.35,209.50%,07/10/20
GNUS,2.35,Call,3.00,09/18/20,70,0.65,0.7,0.75,0.65,1391,3353,0.41,208.65%,07/10/20
NIO,14.98,Put,5.50,08/21/20,42,0.21,0.22,0.22,0.21,614,7257,0.08,207.10%,07/10/20
NIO,14.98,Call,17.00,07/31/20,21,2.25,2.3,2.35,2.21,939,552,1.7,205.74%,07/10/20
NIO,14.98,Put,5.00,08/21/20,42,0.14,0.15,0.15,0.14,506,70222,0.01,204.97%,07/10/20
NIO,14.98,Call,20.00,08/07/20,28,1.88,1.92,1.95,1.88,566,850,0.67,204.88%,07/10/20
NIO,14.98,Call,15.00,07/31/20,21,2.79,2.84,2.89,2.90,2713,2449,1.11,204.58%,07/10/20
NIO,14.98,Call,17.00,08/07/20,28,2.48,2.59,2.70,2.64,612,392,1.56,204.09%,07/10/20
NIO,14.98,Put,6.00,08/21/20,42,0.27,0.29,0.30,0.27,1469,53502,0.03,203.65%,07/10/20
IDEX,1.38,Call,2.50,01/15/21,189,0.55,0.58,0.60,0.55,771,12417,0.06,203.54%,07/10/20
NIO,14.98,Call,16.00,08/07/20,28,2.85,2.92,2.98,2.95,641,364,1.76,203.14%,07/10/20
SRNE,8.06,Put,7.00,08/21/20,42,1.40,1.45,1.50,1.53,724,486,1.49,202.66%,07/10/20
MARK,1.63,Call,3.00,08/21/20,42,0.10,0.13,0.15,0.15,584,10572,0.06,202.02%,07/10/20
NIO,14.98,Call,20.00,08/21/20,42,2.46,2.53,2.60,2.57,3271,13115,0.25,201.61%,07/10/20
NIO,14.98,Put,10.00,07/31/20,21,0.62,0.64,0.65,0.65,759,1151,0.66,201.09%,07/10/20
NIO,14.98,Call,18.00,08/21/20,42,2.95,3.05,3.15,3.05,1490,2807,0.53,201.02%,07/10/20
MRNS,2.33,Call,3.00,01/15/21,189,1.05,1.08,1.10,1.10,849,5348,0.16,200.94%,07/10/20
MARK,1.63,Call,2.00,08/21/20,42,0.30,0.32,0.35,0.32,1154,2734,0.42,200.63%,07/10/20
NIO,14.98,Call,19.00,08/21/20,42,2.70,2.81,2.91,2.78,1316,850,1.55,200.44%,07/10/20
NIO,14.98,Put,12.00,07/31/20,21,1.25,1.3,1.35,1.32,779,1111,0.7,199.50%,07/10/20
NIO,14.98,Put,7.00,08/21/20,42,0.41,0.43,0.44,0.43,1935,18309,0.11,198.90%,07/10/20
NIO,14.98,Call,14.00,07/31/20,21,3.15,3.22,3.30,3.25,819,2447,0.33,198.62%,07/10/20
GSX,87.63,Put,25.00,10/16/20,98,2.25,2.43,2.60,2.34,533,4759,0.11,198.19%,07/10/20
NIO,14.98,Call,16.00,07/31/20,21,2.43,2.49,2.55,2.43,1994,1157,1.72,198.05%,07/10/20
NIO,14.98,Call,14.00,08/07/20,28,3.50,3.65,3.80,3.65,628,1665,0.38,197.98%,07/10/20
WKHS,15.18,Put,12.50,08/21/20,42,2.30,2.5,2.70,2.40,10866,1863,5.83,195.93%,07/10/20
NIO,14.98,Call,15.00,08/07/20,28,3.15,3.2,3.25,3.20,1730,1616,1.07,195.81%,07/10/20
NAK,1.5,Call,2.00,11/20/20,133,0.50,0.55,0.60,0.55,645,3154,0.2,195.28%,07/10/20
NIO,14.98,Put,8.00,08/21/20,42,0.64,0.66,0.67,0.64,1294,16229,0.08,195.05%,07/10/20
WKHS,15.18,Put,10.00,08/21/20,42,1.25,1.3,1.35,1.26,1045,3321,0.31,194.81%,07/10/20
NIO,14.98,Call,13.00,07/31/20,21,3.70,3.75,3.80,3.69,599,3177,0.19,194.38%,07/10/20
NIO,14.98,Put,14.00,08/21/20,42,3.15,3.28,3.40,3.26,1933,1010,1.91,194.38%,07/10/20
GSX,87.63,Put,50.00,08/21/20,42,4.50,4.8,5.10,4.60,3354,3462,0.97,194.13%,07/10/20
NIO,14.98,Call,16.00,08/21/20,42,3.45,3.53,3.60,3.49,2451,2842,0.86,192.89%,07/10/20
NIO,14.98,Put,9.00,08/21/20,42,0.91,0.92,0.92,0.91,1533,7874,0.19,192.48%,07/10/20
NIO,14.98,Call,8.00,08/21/20,42,7.30,7.53,7.75,7.60,937,7060,0.13,191.41%,07/10/20
NIO,14.98,Call,15.00,08/14/20,35,3.45,3.5,3.55,3.49,597,871,0.69,191.37%,07/10/20
NIO,14.98,Call,14.00,08/21/20,42,4.05,4.13,4.20,4.20,1174,3926,0.3,191.05%,07/10/20
NAK,1.5,Call,1.00,02/19/21,224,0.90,0.95,1.00,0.95,834,439,1.9,189.26%,07/10/20
NIO,14.98,Put,12.00,08/21/20,42,2.06,2.15,2.24,2.09,906,1173,0.77,189.22%,07/10/20
NIO,14.98,Call,15.00,08/21/20,42,3.70,3.78,3.85,3.77,5310,11265,0.47,189.11%,07/10/20
NIO,14.98,Put,10.00,08/21/20,42,1.20,1.23,1.26,1.21,1758,5286,0.33,188.31%,07/10/20
NIO,14.98,Put,11.00,08/21/20,42,1.55,1.66,1.76,1.59,649,3032,0.21,186.63%,07/10/20
EROS,3.73,Call,7.50,09/18/20,70,0.40,0.43,0.45,0.45,1930,2770,0.7,186.57%,07/10/20
GSX,87.63,Put,30.00,10/16/20,98,2.80,3.05,3.30,3.00,1081,7017,0.15,185.22%,07/10/20
NIO,14.98,Call,12.00,08/21/20,42,4.90,5,5.10,5.00,1180,5551,0.21,183.77%,07/10/20
WKHS,15.18,Call,30.00,08/21/20,42,0.85,0.88,0.90,0.90,12712,9029,1.41,183.72%,07/10/20
SRNE,8.06,Call,9.00,08/21/20,42,1.60,1.65,1.70,1.65,3398,3459,0.98,183.46%,07/10/20
CPE,1.16,Call,1.00,08/21/20,42,0.35,0.38,0.40,0.35,931,3088,0.3,182.12%,07/10/20
XSPA,3.8,Call,5.00,10/16/20,98,1.00,1.03,1.05,1.05,688,770,0.89,180.47%,07/10/20
NIO,14.98,Call,13.00,08/21/20,42,4.45,4.5,4.55,4.45,1692,5569,0.3,180.45%,07/10/20
GNUS,2.35,Call,2.50,01/15/21,189,1.05,1.15,1.25,1.10,2350,4677,0.5,179.81%,07/10/20
SRNE,8.06,Call,8.00,08/21/20,42,1.90,1.92,1.95,1.95,1540,3053,0.5,178.95%,07/10/20
NKLA,54.24,Put,2.50,01/21/22,560,0.50,0.55,0.60,0.60,568,2280,0.25,177.68%,07/10/20
GSX,87.63,Put,35.00,10/16/20,98,3.60,3.95,4.30,3.90,696,8315,0.08,176.71%,07/10/20
NIO,14.98,Call,10.00,08/21/20,42,5.90,6.03,6.15,6.05,557,18277,0.03,176.10%,07/10/20
VBIV,3.92,Call,5.00,08/21/20,42,0.55,0.6,0.65,0.59,750,4873,0.15,175.76%,07/10/20
MGI,3.18,Call,5.00,08/21/20,42,0.20,0.3,0.40,0.30,526,2017,0.26,175.68%,07/10/20
SRNE,8.06,Call,10.00,09/18/20,70,1.70,1.85,2.00,1.83,663,2889,0.23,174.88%,07/10/20
NAK,1.5,Call,4.00,02/19/21,224,0.30,0.35,0.40,0.40,660,164,4.02,172.39%,07/10/20
INO,23.38,Call,25.00,08/21/20,42,4.60,4.7,4.80,4.80,899,4333,0.21,172.31%,07/10/20
CMCM,2.76,Call,3.00,08/21/20,42,0.50,0.53,0.55,0.55,1478,8711,0.17,172.26%,07/10/20
NAK,1.5,Put,1.00,08/21/20,42,0.10,0.15,0.20,0.10,565,4006,0.14,171.99%,07/10/20
EROS,3.73,Call,2.50,09/18/20,70,1.40,1.58,1.75,1.65,556,4878,0.11,171.72%,07/10/20
WKHS,15.18,Call,20.00,08/21/20,42,1.90,2,2.10,2.05,1200,4958,0.24,171.47%,07/10/20
QD,2.38,Call,3.50,08/21/20,42,0.20,0.23,0.25,0.25,886,1458,0.61,171.39%,07/10/20
SRNE,8.06,Call,7.00,08/21/20,42,2.20,2.33,2.45,2.30,616,2531,0.24,170.73%,07/10/20
ACB,12.02,Put,20.00,08/21/20,42,8.65,9,9.35,8.85,702,640,1.1,169.53%,07/10/20
SRNE,8.06,Call,8.00,09/18/20,70,2.35,2.4,2.45,2.36,1095,14851,0.07,169.36%,07/10/20
MVIS,1.5,Call,3.00,11/20/20,133,0.30,0.35,0.40,0.30,524,2025,0.26,169.14%,07/10/20
FCEL,3.07,Call,4.00,08/21/20,42,0.41,0.42,0.43,0.41,698,701,1,167.88%,07/10/20
WTRH,3.5,Put,3.00,08/21/20,42,0.40,0.48,0.55,0.50,938,2414,0.39,167.40%,07/10/20
TSLA,1544.65,Put,5.00,06/17/22,707,0.24,0.25,0.25,0.25,815,19018,0.04,167.17%,07/10/20
WTRH,3.5,Call,4.00,08/21/20,42,0.50,0.6,0.70,0.61,742,1833,0.4,166.87%,07/10/20
XERS,2.64,Put,2.50,08/21/20,42,0.25,0.4,0.55,0.50,1087,1270,0.86,165.94%,07/10/20
SPCE,19.25,Call,30.00,07/31/20,21,0.59,0.61,0.62,0.63,1923,1396,1.38,165.82%,07/10/20
EVRI,5.98,Call,7.50,08/21/20,42,0.85,0.88,0.90,0.85,2062,1645,1.25,165.66%,07/10/20
SRNE,8.06,Call,6.00,08/21/20,42,2.70,2.75,2.80,2.79,652,1861,0.35,165.22%,07/10/20
GSX,87.63,Put,40.00,10/16/20,98,4.40,4.85,5.30,4.60,1110,7211,0.15,164.84%,07/10/20
CLNE,2.72,Call,3.00,08/21/20,42,0.35,0.43,0.50,0.50,740,997,0.74,164.66%,07/10/20
JMIA,7.49,Call,8.00,08/21/20,42,1.35,1.43,1.50,1.45,733,2489,0.29,163.22%,07/10/20
FCEL,3.07,Call,3.50,08/21/20,42,0.52,0.53,0.53,0.52,2260,1650,1.37,162.61%,07/10/20
VSTM,1.45,Call,2.00,09/18/20,70,0.20,0.23,0.25,0.25,510,4692,0.11,161.98%,07/10/20
TUP,7.06,Put,5.00,08/21/20,42,0.50,0.55,0.60,0.50,1409,2554,0.55,159.99%,07/10/20
WKHS,15.18,Call,17.50,08/21/20,42,2.35,2.5,2.65,2.45,11536,3740,3.08,159.55%,07/10/20
CODX,18.19,Call,25.00,08/21/20,42,1.65,1.9,2.15,1.94,544,973,0.56,158.89%,07/10/20
ACB,12.02,Put,8.00,12/18/20,161,1.72,2.07,2.41,2.25,2336,481,4.86,158.63%,07/10/20
FCEL,3.07,Call,3.00,08/21/20,42,0.68,0.69,0.69,0.68,1815,5179,0.35,158.32%,07/10/20
NIO,14.98,Call,20.00,11/20/20,133,4.20,4.25,4.30,4.20,2065,2377,0.87,158.27%,07/10/20
NIO,14.98,Put,6.00,11/20/20,133,0.73,0.76,0.78,0.75,1283,4122,0.31,158.10%,07/10/20
EMAN,0.81,Call,2.50,12/18/20,161,0.05,0.13,0.20,0.10,518,5173,0.1,157.73%,07/10/20
EVRI,5.98,Call,7.50,09/18/20,70,1.10,1.15,1.20,1.15,1333,1159,1.15,156.91%,07/10/20
ACB,12.02,Put,5.00,12/18/20,161,0.72,0.82,0.91,0.82,4321,237,18.23,156.84%,07/10/20
GSX,87.63,Put,70.00,08/21/20,42,8.60,9,9.40,9.00,550,1820,0.3,155.96%,07/10/20
GSX,87.63,Put,45.00,10/16/20,98,5.20,5.7,6.20,5.50,962,6008,0.16,155.85%,07/10/20
ADMA,2.83,Call,5.00,08/21/20,42,0.10,0.13,0.15,0.14,664,12587,0.05,155.71%,07/10/20
TSLA,1544.65,Put,400.00,09/18/20,70,4.50,4.63,4.75,4.50,1145,3678,0.31,155.60%,07/10/20
SPCE,19.25,Call,30.00,08/21/20,42,1.35,1.38,1.40,1.39,1813,1229,1.48,155.35%,07/10/20
WKHS,15.18,Call,35.00,01/15/21,189,2.90,3.25,3.60,3.08,1853,132,14.04,154.22%,07/10/20
FCEL,3.07,Put,2.50,08/21/20,42,0.33,0.35,0.37,0.33,514,1021,0.5,154.06%,07/10/20
CODX,18.19,Call,20.00,08/21/20,42,2.95,3.08,3.20,3.09,677,2383,0.28,153.47%,07/10/20
NIO,14.98,Call,15.00,11/20/20,133,5.25,5.3,5.35,5.36,1514,4891,0.31,153.42%,07/10/20
SPCE,19.25,Call,25.00,07/31/20,21,1.05,1.12,1.19,1.10,755,743,1.02,151.78%,07/10/20
GSX,87.63,Put,50.00,10/16/20,98,6.40,6.95,7.50,6.80,681,5569,0.12,150.83%,07/10/20
KIRK,3.12,Call,2.50,08/21/20,42,0.75,0.88,1.00,0.93,684,250,2.74,150.67%,07/10/20
NEPT,3.11,Call,4.00,08/21/20,42,0.30,0.32,0.35,0.35,598,2083,0.29,149.14%,07/10/20
ZYNE,3.73,Call,7.50,08/21/20,42,0.05,0.08,0.10,0.10,712,1969,0.36,148.89%,07/10/20
NIO,14.98,Call,14.00,11/20/20,133,5.45,5.6,5.75,5.55,994,1918,0.52,148.79%,07/10/20
TUP,7.06,Call,10.00,08/21/20,42,0.40,0.53,0.65,0.60,2734,2679,1.02,147.84%,07/10/20
NIO,14.98,Call,10.00,11/20/20,133,7.10,7.28,7.45,7.21,676,2934,0.23,147.55%,07/10/20
AAL,11.94,Put,5.00,01/15/21,189,0.63,0.75,0.86,0.86,2121,66495,0.03,147.34%,07/10/20
BLNK,7.08,Call,5.00,08/21/20,42,2.35,2.45,2.55,2.50,701,2258,0.31,146.44%,07/10/20
GOGO,3.48,Call,4.00,08/21/20,42,0.45,0.58,0.70,0.50,2167,5610,0.39,145.71%,07/10/20
AAL,11.94,Call,30.00,08/21/20,42,0.08,0.19,0.30,0.11,1398,13683,0.1,145.33%,07/10/20
EOLS,3.2,Call,4.00,08/21/20,42,0.35,0.38,0.40,0.37,1484,666,2.23,145.04%,07/10/20
SPCE,19.25,Call,25.00,08/21/20,42,1.87,1.94,2.00,2.00,1564,12017,0.13,144.66%,07/10/20
FCEL,3.07,Call,3.00,01/15/21,189,1.19,1.23,1.28,1.24,832,2348,0.35,143.69%,07/10/20
NIO,14.98,Call,27.00,01/15/21,189,3.35,3.48,3.60,3.45,8135,3814,2.13,143.48%,07/10/20
SPCE,19.25,Call,20.00,08/07/20,28,2.60,2.75,2.90,2.73,568,841,0.68,143.11%,07/10/20
NIO,14.98,Call,14.00,01/15/21,189,6.15,6.23,6.30,6.23,1862,3595,0.52,143.03%,07/10/20
NIO,14.98,Call,20.00,01/15/21,189,4.60,4.63,4.65,4.64,2849,34578,0.08,143.02%,07/10/20
AAL,11.94,Put,6.00,01/15/21,189,1.05,1.14,1.22,1.20,991,6785,0.15,142.94%,07/10/20
FSLY,94.91,Put,65.00,08/21/20,42,4.30,4.6,4.90,4.60,586,405,1.45,142.60%,07/10/20
NIO,14.98,Call,13.00,01/15/21,189,6.30,6.48,6.65,6.51,861,1993,0.43,141.31%,07/10/20
NIO,14.98,Call,12.00,01/15/21,189,6.65,6.83,7.00,6.88,671,14047,0.05,141.29%,07/10/20
SPCE,19.25,Call,45.00,10/16/20,98,1.00,1.3,1.60,1.26,539,3778,0.14,141.12%,07/10/20
TUP,7.06,Call,7.50,08/21/20,42,1.15,1.23,1.30,1.17,2957,7225,0.41,140.91%,07/10/20
CPE,1.16,Call,1.00,01/21/22,560,0.70,0.8,0.90,0.75,579,7960,0.07,140.14%,07/10/20
NIO,14.98,Call,15.00,01/15/21,189,5.75,5.78,5.80,5.80,9888,31719,0.31,139.98%,07/10/20
NCLH,16.4,Put,7.50,09/18/20,70,0.20,0.28,0.36,0.31,639,4242,0.15,139.74%,07/10/20
CODX,18.19,Call,17.50,08/21/20,42,3.60,3.8,4.00,3.70,554,6474,0.09,139.27%,07/10/20
FSLY,94.91,Put,70.00,08/21/20,42,5.50,5.8,6.10,5.86,1166,1557,0.75,138.69%,07/10/20
WLL,1.06,Call,3.00,12/18/20,161,0.05,0.1,0.15,0.10,500,1548,0.32,138.63%,07/10/20
RIG,1.88,Put,1.50,01/15/21,189,0.42,0.45,0.48,0.46,500,2542,0.2,137.53%,07/10/20
FSLY,94.91,Call,120.00,08/21/20,42,9.60,9.65,9.70,9.68,915,1140,0.8,137.27%,07/10/20
AAL,11.94,Put,7.00,01/15/21,189,1.53,1.56,1.58,1.54,1503,84890,0.02,136.76%,07/10/20
SHLL,26.89,Call,25.00,10/16/20,98,7.70,8.4,9.10,8.20,616,748,0.82,136.73%,07/10/20
AAL,11.94,Put,5.00,02/19/21,224,0.86,1.1,1.34,0.87,931,6214,0.15,136.18%,07/10/20
SPCE,19.25,Call,21.00,07/31/20,21,1.56,1.71,1.86,1.82,586,224,2.62,135.50%,07/10/20
VSTM,1.45,Call,2.00,08/21/20,42,0.10,0.13,0.15,0.11,646,4803,0.13,135.05%,07/10/20
SPCE,19.25,Call,20.00,08/21/20,42,3.10,3.18,3.25,3.20,2485,5096,0.49,134.88%,07/10/20
FSLY,94.91,Put,90.00,08/21/20,42,14.10,14.25,14.40,14.30,1111,1060,1.05,134.79%,07/10/20
FSLY,94.91,Call,100.00,08/21/20,42,15.10,15.25,15.40,15.20,680,1702,0.4,134.42%,07/10/20
CCL,16.16,Put,7.50,09/18/20,70,0.25,0.28,0.30,0.28,7710,1620,4.76,134.30%,07/10/20
PLAY,12.09,Put,10.00,08/21/20,42,1.00,1.08,1.15,1.10,574,2014,0.29,133.90%,07/10/20
NIO,14.98,Call,10.00,01/15/21,189,7.50,7.6,7.70,7.50,3241,60380,0.05,133.59%,07/10/20
SPCE,19.25,Call,19.00,08/21/20,42,3.40,3.47,3.55,3.55,801,1905,0.42,132.92%,07/10/20
AAL,11.94,Put,10.00,07/31/20,21,0.61,0.66,0.70,0.62,715,1369,0.52,132.49%,07/10/20
VBIV,3.92,Call,5.00,01/15/21,189,1.15,1.25,1.35,1.15,615,4103,0.15,132.40%,07/10/20
AAL,11.94,Put,8.00,01/15/21,189,1.93,1.96,1.98,1.94,740,10416,0.07,132.31%,07/10/20
PLUG,9.3,Call,12.00,08/21/20,42,0.82,0.85,0.88,0.83,522,2272,0.23,131.88%,07/10/20
GSX,87.63,Put,30.00,01/21/22,560,10.00,10.5,11.00,10.40,660,119,5.55,131.84%,07/10/20
NIO,14.98,Call,15.00,02/19/21,224,5.95,6.13,6.30,5.93,1115,2479,0.45,131.61%,07/10/20
AAL,11.94,Put,8.00,08/21/20,42,0.40,0.43,0.46,0.43,663,39535,0.02,131.50%,07/10/20
SPCE,19.25,Call,20.00,07/31/20,21,1.98,2.03,2.08,2.08,1131,2622,0.43,129.97%,07/10/20
AAL,11.94,Put,11.00,07/31/20,21,0.85,0.95,1.04,0.99,586,1370,0.43,129.46%,07/10/20
PLUG,9.3,Put,7.00,07/31/20,21,0.20,0.25,0.30,0.24,3330,576,5.78,129.10%,07/10/20
AAL,11.94,Put,10.00,11/20/20,133,2.24,2.35,2.45,2.38,741,19022,0.04,127.83%,07/10/20
PLUG,9.3,Call,9.50,07/31/20,21,1.00,1.03,1.05,1.05,529,728,0.73,127.71%,07/10/20
TSLA,1544.65,Call,2000.00,07/31/20,21,55.00,58.63,62.25,59.50,809,240,3.37,127.50%,07/10/20
PLUG,9.3,Call,10.00,08/21/20,42,1.31,1.32,1.32,1.33,868,4646,0.19,127.47%,07/10/20
GSX,87.63,Call,90.00,08/21/20,42,13.20,13.6,14.00,14.10,3791,360,10.53,127.47%,07/10/20
CCL,16.16,Put,10.00,08/21/20,42,0.36,0.37,0.38,0.36,1061,6607,0.16,127.32%,07/10/20
SPCE,19.25,Call,19.00,07/31/20,21,2.39,2.44,2.48,2.45,1087,415,2.62,127.05%,07/10/20
W,223.76,Put,100.00,08/21/20,42,0.65,0.7,0.75,0.75,2236,3005,0.74,127.01%,07/10/20
FSLY,94.91,Call,120.00,07/31/20,21,4.00,4.1,4.20,4.10,731,294,2.49,126.90%,07/10/20
TSLA,1544.65,Call,2850.00,08/21/20,42,31.35,31.98,32.60,30.10,1171,676,1.73,125.82%,07/10/20
TSLA,1544.65,Put,1095.00,07/31/20,21,21.05,24.73,28.40,24.50,1080,1043,1.04,125.74%,07/10/20
AAL,11.94,Put,11.50,07/31/20,21,1.18,1.24,1.30,1.19,636,1498,0.42,125.63%,07/10/20
AAL,11.94,Put,11.00,08/07/20,28,1.11,1.17,1.22,1.15,814,654,1.24,125.45%,07/10/20
AAL,11.94,Put,9.00,08/21/20,42,0.62,0.67,0.71,0.65,1629,8009,0.2,124.86%,07/10/20
AAL,11.94,Put,10.00,01/15/21,189,2.80,2.86,2.91,2.86,798,26047,0.03,124.81%,07/10/20
APA,12.71,Put,7.50,08/21/20,42,0.18,0.21,0.24,0.20,799,12607,0.06,123.79%,07/10/20
AAL,11.94,Put,13.00,11/20/20,133,4.05,4.13,4.20,4.14,534,6951,0.08,123.72%,07/10/20
NIO,14.98,Call,7.00,01/21/22,560,10.20,10.55,10.90,10.71,877,12250,0.07,123.05%,07/10/20
PENN,29.43,Put,20.00,08/21/20,42,0.85,0.91,0.97,0.95,6147,636,9.67,123.04%,07/10/20
OPK,4.02,Call,5.00,08/21/20,42,0.35,0.4,0.44,0.35,6331,6851,0.92,122.08%,07/10/20
ZYNE,3.73,Call,5.00,08/21/20,42,0.25,0.28,0.30,0.25,1122,7116,0.16,121.95%,07/10/20
CCL,16.16,Put,12.50,10/16/20,98,1.85,1.96,2.06,1.98,502,8782,0.06,121.92%,07/10/20
AAL,11.94,Put,10.00,08/21/20,42,0.96,0.99,1.01,0.98,12158,30264,0.4,121.87%,07/10/20
AAL,11.94,Put,15.00,01/15/21,189,5.85,5.98,6.10,6.15,5925,24225,0.24,121.54%,07/10/20
AAL,11.94,Put,11.00,08/21/20,42,1.34,1.39,1.43,1.43,1316,11226,0.12,121.46%,07/10/20
AAL,11.94,Call,12.00,07/31/20,21,1.27,1.38,1.49,1.36,746,668,1.12,121.41%,07/10/20
AAL,11.94,Put,15.00,11/20/20,133,5.15,5.38,5.60,5.50,522,23199,0.02,121.28%,07/10/20
AAL,11.94,Put,14.00,08/21/20,42,3.10,3.23,3.35,3.28,985,3811,0.26,121.16%,07/10/20
CCL,16.16,Put,10.00,01/15/21,189,1.80,1.88,1.96,1.89,894,9007,0.1,120.96%,07/10/20
AAL,11.94,Call,13.00,07/31/20,21,0.90,0.95,0.99,0.97,964,1239,0.78,120.74%,07/10/20
AAL,11.94,Put,12.00,08/21/20,42,1.92,1.93,1.94,1.96,2148,15005,0.14,120.64%,07/10/20
CCL,16.16,Put,12.50,08/21/20,42,0.90,0.92,0.93,0.92,2609,6753,0.39,120.59%,07/10/20
SRNE,8.06,Call,5.00,12/18/20,161,3.70,3.95,4.20,3.90,693,7637,0.09,120.31%,07/10/20
PLUG,9.3,Call,9.00,08/21/20,42,1.65,1.67,1.70,1.64,579,1874,0.31,120.28%,07/10/20
AAL,11.94,Call,12.50,07/31/20,21,1.09,1.13,1.16,1.14,854,740,1.15,120.03%,07/10/20
CCL,16.16,Put,14.00,07/31/20,21,0.78,0.85,0.92,0.85,827,227,3.64,120.00%,07/10/20
SPCE,19.25,Put,15.00,01/15/21,189,3.60,3.75,3.90,3.75,548,6716,0.08,119.76%,07/10/20
UAL,32.67,Call,47.00,09/18/20,70,1.95,2.42,2.89,2.93,1498,849,1.76,119.71%,07/10/20
NIO,14.98,Call,12.00,01/21/22,560,8.85,9.05,9.25,8.93,555,8567,0.06,119.70%,07/10/20
AAL,11.94,Put,12.00,01/15/21,189,3.70,3.9,4.10,3.96,698,7354,0.09,119.55%,07/10/20
CCL,16.16,Put,12.50,09/18/20,70,1.40,1.42,1.45,1.45,7816,8609,0.91,119.31%,07/10/20
AAL,11.94,Call,11.00,08/21/20,42,2.30,2.38,2.45,2.35,2401,10588,0.23,118.98%,07/10/20
SPCE,19.25,Call,18.00,07/31/20,21,2.56,2.74,2.91,2.80,792,735,1.08,118.77%,07/10/20
AAL,11.94,Call,20.00,08/21/20,42,0.28,0.29,0.30,0.29,1290,17372,0.07,118.38%,07/10/20
NIO,14.98,Call,10.00,01/21/22,560,9.30,9.4,9.50,9.45,1257,41350,0.03,118.05%,07/10/20
UAL,32.67,Put,13.00,01/15/21,189,0.98,1.09,1.20,1.14,888,22262,0.04,117.89%,07/10/20
SAVE,17.53,Call,17.50,08/21/20,42,2.75,2.78,2.80,2.80,1922,1622,1.18,117.80%,07/10/20
CUK,13.06,Put,12.50,08/21/20,42,1.25,1.63,2.00,1.74,604,614,0.98,117.47%,07/10/20
NIO,14.98,Call,15.00,01/21/22,560,8.00,8.03,8.05,8.05,1924,24063,0.08,117.43%,07/10/20
AAL,11.94,Put,17.00,01/15/21,189,7.15,7.4,7.65,7.55,717,1750,0.41,117.34%,07/10/20
RIG,1.88,Put,3.00,01/21/22,560,1.83,1.9,1.96,1.86,500,55176,0.01,117.06%,07/10/20
NIO,14.98,Call,27.00,01/21/22,560,5.90,6,6.10,5.95,918,1213,0.76,117.04%,07/10/20
UAL,32.67,Put,30.00,08/07/20,28,2.70,3.13,3.55,2.82,593,501,1.18,116.95%,07/10/20
AAL,11.94,Put,20.00,01/15/21,189,9.75,9.93,10.10,9.99,8003,29378,0.27,116.92%,07/10/20
NIO,14.98,Call,20.00,01/21/22,560,6.95,6.98,7.00,7.00,1804,7242,0.25,116.88%,07/10/20
CCL,16.16,Put,15.00,01/15/21,189,4.20,4.35,4.50,4.45,586,21085,0.03,116.84%,07/10/20
AAL,11.94,Call,14.50,07/31/20,21,0.50,0.54,0.58,0.53,973,321,3.03,116.60%,07/10/20
APA,12.71,Put,10.00,08/21/20,42,0.63,0.69,0.75,0.73,747,933,0.8,116.48%,07/10/20
MR,3.94,Call,12.50,11/20/20,133,0.00,0.3,0.60,0.10,1400,1400,1,116.35%,07/10/20
AAL,11.94,Call,14.00,08/07/20,28,0.67,0.77,0.87,0.83,513,261,1.97,116.34%,07/10/20
AAL,11.94,Call,12.00,08/21/20,42,1.83,1.84,1.85,1.85,5395,3674,1.47,116.33%,07/10/20
SPCE,19.25,Call,20.00,10/16/20,98,4.15,4.28,4.40,4.30,547,5430,0.1,116.11%,07/10/20
CCL,16.16,Put,15.00,07/31/20,21,1.18,1.25,1.31,1.20,572,2305,0.25,116.02%,07/10/20
SAVE,17.53,Call,20.00,08/21/20,42,1.85,1.9,1.95,1.86,3615,4069,0.89,115.94%,07/10/20
OSTK,48.75,Call,40.00,01/15/21,189,18.00,19.2,20.40,19.20,545,2717,0.2,115.74%,07/10/20
AAL,11.94,Call,19.00,08/21/20,42,0.24,0.3,0.35,0.34,577,5836,0.1,115.60%,07/10/20
SAVE,17.53,Call,20.00,09/18/20,70,2.45,2.58,2.70,2.65,647,2548,0.25,115.48%,07/10/20
AAL,11.94,Put,25.00,01/15/21,189,14.10,14.35,14.60,14.30,1551,11720,0.13,115.47%,07/10/20
CCL,16.16,Put,15.00,08/21/20,42,1.84,1.9,1.95,1.87,3446,29989,0.11,115.44%,07/10/20
CCL,16.16,Put,15.00,09/18/20,70,2.53,2.57,2.60,2.53,886,4004,0.22,115.00%,07/10/20
AAL,11.94,Call,13.00,08/21/20,42,1.40,1.45,1.50,1.45,1984,14908,0.13,114.98%,07/10/20
SAVE,17.53,Call,25.00,08/21/20,42,0.75,0.8,0.85,0.80,525,1409,0.37,114.94%,07/10/20
SPCE,19.25,Call,15.00,08/21/20,42,4.95,5.4,5.85,5.30,3498,1267,2.76,114.86%,07/10/20
AAL,11.94,Call,16.00,08/21/20,42,0.59,0.65,0.70,0.70,1390,4705,0.3,114.76%,07/10/20
ERI,40.15,Put,30.00,09/18/20,70,2.32,2.66,3.00,2.96,2533,1709,1.48,114.75%,07/10/20
CCL,16.16,Put,17.50,08/21/20,42,3.20,3.28,3.35,3.30,620,6965,0.09,114.61%,07/10/20
NKLA,54.24,Call,100.00,08/21/20,42,0.55,0.63,0.70,0.70,634,2603,0.24,114.46%,07/10/20
AAL,11.94,Call,17.00,08/21/20,42,0.49,0.53,0.56,0.54,3078,11750,0.26,114.25%,07/10/20
SPCE,19.25,Call,19.00,10/16/20,98,4.35,4.55,4.75,4.60,543,3527,0.15,114.13%,07/10/20
NIO,14.98,Call,6.00,08/21/20,42,8.95,9.18,9.40,9.00,3330,49453,0.07,114.11%,07/10/20
THC,17.78,Put,12.00,11/20/20,133,1.50,1.6,1.70,1.70,800,1795,0.45,114.09%,07/10/20
PSTI,8.67,Call,9.00,08/21/20,42,1.05,1.2,1.35,1.20,563,147,3.83,113.90%,07/10/20
AAL,11.94,Call,15.00,08/21/20,42,0.78,0.84,0.89,0.88,1917,15520,0.12,113.78%,07/10/20
SPCE,19.25,Call,60.00,01/15/21,189,0.95,1.03,1.10,1.00,544,11117,0.05,113.74%,07/10/20
AAL,11.94,Call,14.00,08/21/20,42,1.07,1.1,1.13,1.12,1429,8122,0.18,113.49%,07/10/20
GSX,87.63,Call,105.00,08/21/20,42,7.10,7.8,8.50,7.60,3968,1789,2.22,113.27%,07/10/20
TSLA,1544.65,Put,1000.00,08/21/20,42,29.90,30.48,31.05,30.00,643,2594,0.25,113.11%,07/10/20
UAL,32.67,Put,25.00,09/18/20,70,2.31,2.59,2.88,2.56,1121,14774,0.08,113.05%,07/10/20
AAL,11.94,Call,14.00,11/20/20,133,2.39,2.53,2.67,2.53,697,2137,0.33,112.60%,07/10/20
CLF,5.74,Call,7.00,07/31/20,21,0.22,0.23,0.24,0.23,713,442,1.61,112.52%,07/10/20
AAL,11.94,Call,12.00,01/15/21,189,3.60,3.73,3.85,3.75,724,5887,0.12,112.15%,07/10/20
CLF,5.74,Call,5.00,07/31/20,21,0.98,1.02,1.05,1.02,2282,469,4.87,112.05%,07/10/20
WSC,12.3,Call,15.00,10/16/20,98,0.70,0.9,1.10,1.95,500,366,1.37,111.79%,07/10/20
CLNE,2.72,Call,3.00,12/18/20,161,0.65,0.73,0.80,0.70,1123,3736,0.3,111.74%,07/10/20
XENT,18.06,Call,20.00,08/21/20,42,1.60,1.8,2.00,2.00,1099,3664,0.3,111.65%,07/10/20
TSLA,1544.65,Call,1500.00,07/31/20,21,180.00,183,186.00,186.00,932,429,2.17,111.64%,07/10/20
ORBC,3.68,Call,5.00,12/18/20,161,0.65,0.7,0.75,0.70,502,535,0.94,111.50%,07/10/20
CLF,5.74,Call,6.50,07/31/20,21,0.34,0.35,0.35,0.34,1716,467,3.67,111.31%,07/10/20
NAT,4.4,Put,2.00,01/15/21,189,0.13,0.17,0.21,0.19,546,409,1.33,111.30%,07/10/20
AAL,11.94,Call,20.00,11/20/20,133,1.25,1.28,1.30,1.29,2475,13741,0.18,111.26%,07/10/20
MFA,2.48,Call,3.00,08/21/20,42,0.20,0.23,0.25,0.20,3774,6552,0.58,110.78%,07/10/20
HTZ,1.45,Call,15.00,01/21/22,560,0.06,0.08,0.10,0.10,561,5601,0.1,110.76%,07/10/20
MRNA,62.61,Call,80.00,08/21/20,42,4.00,4.1,4.20,4.10,956,3303,0.29,110.76%,07/10/20
RCL,51.77,Put,40.00,09/18/20,70,3.65,3.95,4.25,4.05,610,2252,0.27,110.74%,07/10/20
CLF,5.74,Call,6.00,07/31/20,21,0.50,0.51,0.51,0.50,82906,487,170.24,110.64%,07/10/20
EVRI,5.98,Call,5.00,08/21/20,42,1.40,1.7,2.00,1.40,2379,415,5.73,110.37%,07/10/20
PENN,29.43,Put,26.00,08/21/20,42,2.60,2.65,2.70,2.60,4034,101,39.94,110.27%,07/10/20
CLF,5.74,Call,5.50,07/31/20,21,0.70,0.72,0.73,0.72,3472,743,4.67,110.06%,07/10/20
THC,17.78,Put,15.00,08/21/20,42,1.25,1.35,1.45,1.27,1381,1688,0.82,109.96%,07/10/20
SPR,22.43,Call,22.50,08/21/20,42,3.30,3.35,3.40,3.30,572,530,1.08,109.85%,07/10/20
UPWK,16.08,Call,20.00,08/21/20,42,1.10,1.15,1.20,1.15,2207,9061,0.24,109.84%,07/10/20
M,6.77,Put,8.00,08/21/20,42,1.77,1.96,2.14,1.80,784,11791,0.07,109.43%,07/10/20
MRNA,62.61,Call,75.00,08/21/20,42,5.00,5.2,5.40,5.10,840,5939,0.14,109.15%,07/10/20
CLF,5.74,Put,5.50,07/31/20,21,0.46,0.48,0.50,0.47,788,351,2.25,108.96%,07/10/20
IVR,3.31,Put,3.00,10/16/20,98,0.50,0.55,0.60,0.55,1157,10718,0.11,108.82%,07/10/20
SPCE,19.25,Call,30.00,01/15/21,189,3.15,3.22,3.30,3.25,920,12489,0.07,108.78%,07/10/20
SRNE,8.06,Call,3.50,12/18/20,161,4.60,4.75,4.90,4.80,4252,713,5.96,108.45%,07/10/20
AMD,55.88,Call,5.00,01/21/22,560,50.55,50.95,51.35,51.24,645,3072,0.21,108.44%,07/10/20
TSLA,1544.65,Call,2000.00,08/21/20,42,88.00,91.5,95.00,91.00,1683,619,2.72,108.05%,07/10/20
UPWK,16.08,Call,17.50,08/21/20,42,1.65,1.73,1.80,1.80,1546,4261,0.36,107.84%,07/10/20
APA,12.71,Call,20.00,08/21/20,42,0.25,0.3,0.34,0.30,619,1219,0.51,107.77%,07/10/20
NCLH,16.4,Call,12.50,08/21/20,42,4.35,4.53,4.70,4.60,2089,875,2.39,107.62%,07/10/20
SPCE,19.25,Call,25.00,01/15/21,189,4.10,4.15,4.20,4.15,950,57530,0.02,106.91%,07/10/20
DKNG,32.43,Put,27.50,08/28/20,49,2.05,2.45,2.85,2.55,763,7030,0.11,106.45%,07/10/20
AAL,11.94,Call,15.00,01/15/21,189,2.59,2.66,2.73,2.68,7444,18295,0.41,106.42%,07/10/20
CCL,16.16,Call,30.00,08/21/20,42,0.13,0.14,0.15,0.14,584,1117,0.52,106.39%,07/10/20
TSLA,1544.65,Call,1885.00,08/21/20,42,106.65,111,115.35,111.34,1065,1334,0.8,106.07%,07/10/20
SPCE,19.25,Call,20.00,01/15/21,189,5.50,5.53,5.55,5.51,640,9639,0.07,106.04%,07/10/20
RCL,51.77,Put,45.00,08/21/20,42,3.90,4.08,4.25,4.00,505,7824,0.06,105.98%,07/10/20
SRNE,8.06,Call,4.00,12/18/20,161,4.40,4.55,4.70,4.40,5314,954,5.57,105.94%,07/10/20
DOYU,13.34,Call,12.50,08/21/20,42,2.15,2.25,2.35,2.30,1620,1782,0.91,105.84%,07/10/20
AAL,11.94,Call,45.00,01/15/21,189,0.15,0.21,0.26,0.28,503,9117,0.06,105.77%,07/10/20
BBBY,8.19,Put,8.00,08/21/20,42,0.99,1.02,1.04,1.05,1531,1390,1.1,105.46%,07/10/20
CLF,5.74,Call,6.00,08/07/20,28,0.55,0.58,0.61,0.56,4594,178,25.81,105.19%,07/10/20
SPCE,19.25,Call,20.00,01/21/22,560,9.00,9.25,9.50,9.25,551,9521,0.06,105.15%,07/10/20
NCLH,16.4,Call,20.00,09/18/20,70,1.67,1.75,1.83,1.82,1036,9819,0.11,105.02%,07/10/20
INSG,11.24,Put,10.00,08/21/20,42,0.95,0.98,1.00,0.95,3523,1106,3.19,104.73%,07/10/20
AAL,11.94,Call,17.00,01/15/21,189,1.97,2.11,2.24,2.17,917,2353,0.39,104.59%,07/10/20
NCLH,16.4,Call,25.00,08/21/20,42,0.37,0.41,0.45,0.41,810,3896,0.21,104.46%,07/10/20
CWH,30.23,Call,30.00,08/21/20,42,3.80,4.2,4.60,4.37,880,408,2.16,104.43%,07/10/20
NCLH,16.4,Call,20.00,08/21/20,42,1.10,1.13,1.16,1.15,1449,3678,0.39,104.36%,07/10/20
M,6.77,Put,5.00,08/21/20,42,0.22,0.23,0.24,0.22,774,12943,0.06,104.35%,07/10/20
TSLA,1544.65,Put,600.00,01/15/21,189,32.80,33.3,33.80,33.34,676,6735,0.1,104.29%,07/10/20
HEXO,0.75,Call,1.00,01/15/21,189,0.10,0.13,0.15,0.15,972,78837,0.01,104.26%,07/10/20
NCLH,16.4,Call,22.50,09/18/20,70,1.11,1.27,1.43,1.26,1556,3243,0.48,104.23%,07/10/20
UAL,32.67,Call,49.00,09/18/20,70,1.46,2.53,3.60,1.86,1214,704,1.72,104.19%,07/10/20
UAL,32.67,Call,32.00,09/18/20,70,6.10,6.18,6.25,6.20,592,1262,0.47,103.99%,07/10/20
TSLA,1544.65,Put,1300.00,08/21/20,42,91.65,96.23,100.80,99.05,517,1130,0.46,103.98%,07/10/20
UAL,32.67,Put,28.00,09/18/20,70,3.50,3.7,3.90,3.39,552,622,0.89,103.76%,07/10/20
APA,12.71,Put,13.00,08/07/20,28,1.58,1.62,1.66,1.61,732,123504,0.01,103.73%,07/10/20
LVGO,105.68,Call,120.00,08/21/20,42,9.40,9.85,10.30,9.60,590,883,0.67,103.32%,07/10/20
VERU,3.06,Call,5.00,10/16/20,98,0.10,0.2,0.30,0.20,505,2104,0.24,103.04%,07/10/20
AAL,11.94,Call,25.00,01/15/21,189,1.00,1.03,1.05,1.04,1805,13307,0.14,102.92%,07/10/20
M,6.77,Call,10.00,08/21/20,42,0.18,0.2,0.22,0.19,673,20121,0.03,102.91%,07/10/20
UAL,32.67,Call,50.00,09/18/20,70,1.64,1.7,1.76,1.67,5274,9886,0.53,102.81%,07/10/20
CAR,28.04,Call,34.00,08/21/20,42,1.70,1.85,2.00,1.95,1001,1106,0.91,102.62%,07/10/20
SAVE,17.53,Call,17.50,01/15/21,189,4.90,5,5.10,5.10,780,1542,0.51,102.55%,07/10/20
AAL,11.94,Call,20.00,01/15/21,189,1.58,1.61,1.64,1.59,8970,76949,0.12,102.54%,07/10/20
UAL,32.67,Call,40.00,09/18/20,70,3.15,3.33,3.50,3.44,3539,4857,0.73,102.41%,07/10/20
NAT,4.4,Put,4.00,01/15/21,189,0.84,0.95,1.05,1.00,559,741,0.75,102.34%,07/10/20
CLF,5.74,Call,5.00,08/21/20,42,1.15,1.17,1.18,1.17,1814,1990,0.91,102.11%,07/10/20
ERI,40.15,Put,40.00,08/21/20,42,4.85,5.28,5.70,5.40,1100,3111,0.35,102.09%,07/10/20
MFA,2.48,Call,3.00,10/16/20,98,0.30,0.32,0.35,0.35,530,5157,0.1,102.08%,07/10/20
CAR,28.04,Put,35.00,11/20/20,133,10.90,11.7,12.50,11.45,500,1642,0.3,102.05%,07/10/20
CCL,16.16,Call,16.00,07/31/20,21,1.58,1.66,1.73,1.65,539,396,1.36,101.83%,07/10/20
HTGC,10.15,Put,5.00,10/16/20,98,0.05,0.1,0.15,0.15,1401,1419,0.99,101.79%,07/10/20
SAVE,17.53,Call,27.50,12/18/20,161,2.10,2.5,2.90,2.20,1402,270,5.19,101.77%,07/10/20
UAL,32.67,Call,45.00,09/18/20,70,2.27,2.39,2.50,2.35,2023,3959,0.51,101.71%,07/10/20
TSLA,1544.65,Put,1500.00,08/21/20,42,180.40,184.98,189.55,185.40,1192,1465,0.81,101.56%,07/10/20
TSLA,1544.65,Put,1460.00,08/21/20,42,160.30,164.75,169.20,164.40,1088,1430,0.76,101.39%,07/10/20
NKLA,54.24,Call,80.00,08/21/20,42,1.45,1.65,1.85,1.46,618,5909,0.1,101.34%,07/10/20
CLF,5.74,Call,9.00,08/21/20,42,0.11,0.13,0.15,0.11,1579,3186,0.5,101.26%,07/10/20
TCO,37.44,Put,25.00,09/18/20,70,1.20,1.48,1.75,1.30,655,1162,0.56,101.25%,07/10/20
CCL,16.16,Call,17.00,07/31/20,21,1.14,1.2,1.26,1.22,1067,348,3.07,101.13%,07/10/20
TSLA,1544.65,Call,1450.00,08/21/20,42,247.45,256.25,265.05,255.35,821,438,1.87,100.91%,07/10/20
PENN,29.43,Call,36.00,08/21/20,42,1.71,1.83,1.95,1.91,3041,1234,2.46,100.87%,07/10/20
MGM,16.2,Put,12.00,08/21/20,42,0.47,0.5,0.52,0.49,1842,4546,0.41,100.81%,07/10/20
UAL,32.67,Call,36.00,09/18/20,70,4.30,4.57,4.85,4.50,583,472,1.24,100.71%,07/10/20
DKNG,32.43,Call,65.00,08/21/20,42,0.10,0.13,0.15,0.12,834,6163,0.14,100.57%,07/10/20
ALLY,20.12,Put,3.00,01/21/22,560,0.15,0.27,0.38,0.22,1190,2263,0.53,100.53%,07/10/20
CCL,16.16,Call,27.50,10/16/20,98,0.81,0.91,1.00,0.87,763,9890,0.08,100.51%,07/10/20
M,6.77,Call,9.00,08/21/20,42,0.27,0.31,0.35,0.30,554,7221,0.08,100.49%,07/10/20
TSLA,1544.65,Call,1800.00,09/18/20,70,177.45,181.73,186.00,182.00,821,1027,0.8,100.49%,07/10/20
CWH,30.23,Put,25.00,09/18/20,70,2.55,2.83,3.10,2.60,1150,4570,0.25,100.48%,07/10/20
TSLA,1544.65,Call,1500.00,08/21/20,42,225.55,230.53,235.50,230.00,1898,3097,0.61,100.40%,07/10/20
TSLA,1544.65,Call,1600.00,08/21/20,42,184.05,188.13,192.20,187.00,907,832,1.09,100.39%,07/10/20
M,6.77,Call,13.00,11/20/20,133,0.33,0.36,0.39,0.40,564,572,0.99,100.24%,07/10/20
CLF,5.74,Call,8.00,08/21/20,42,0.18,0.19,0.20,0.20,1792,4454,0.4,100.15%,07/10/20
CCL,16.16,Call,25.00,08/21/20,42,0.31,0.33,0.34,0.32,2203,3407,0.65,100.07%,07/10/20
TSLA,1544.65,Call,1400.00,08/21/20,42,276.90,281.67,286.45,279.76,823,1970,0.42,99.88%,07/10/20
TSLA,1544.65,Call,1700.00,09/18/20,70,205.00,209.95,214.90,210.79,508,2378,0.21,99.72%,07/10/20
CCL,16.16,Call,25.00,10/16/20,98,1.10,1.13,1.15,1.14,1282,13041,0.1,99.62%,07/10/20
DKNG,32.43,Call,60.00,08/21/20,42,0.15,0.18,0.20,0.20,633,3414,0.19,99.45%,07/10/20
TSLA,1544.65,Call,1500.00,09/18/20,70,278.10,282.55,287.00,285.78,547,3115,0.18,98.97%,07/10/20
ERI,40.15,Call,50.00,08/21/20,42,2.00,2.26,2.53,2.31,1509,4022,0.38,98.74%,07/10/20
CCL,16.16,Call,20.00,10/16/20,98,2.01,2.03,2.05,2.05,5915,26970,0.22,98.66%,07/10/20
BBBY,8.19,Call,8.00,09/18/20,70,1.45,1.67,1.89,1.49,1339,429,3.12,98.63%,07/10/20
SONO,15.1,Call,20.00,08/21/20,42,0.65,0.68,0.70,0.65,804,24160,0.03,98.61%,07/10/20
CLF,5.74,Call,6.00,08/21/20,42,0.64,0.66,0.68,0.66,5512,2764,1.99,98.61%,07/10/20
TSLA,1544.65,Call,1400.00,09/18/20,70,325.40,329.7,334.00,331.62,664,1981,0.34,98.37%,07/10/20
CCL,16.16,Call,25.00,09/18/20,70,0.61,0.68,0.75,0.70,526,1052,0.5,98.34%,07/10/20
CCL,16.16,Call,40.00,01/15/21,189,0.79,0.82,0.85,0.83,1168,11098,0.11,98.29%,07/10/20
MRO,5.35,Call,8.00,08/21/20,42,0.10,0.11,0.12,0.12,527,9841,0.05,98.15%,07/10/20
BBBY,8.19,Call,9.00,08/21/20,42,0.73,0.75,0.76,0.78,544,2058,0.26,98.09%,07/10/20
DKNG,32.43,Call,35.00,08/21/20,42,3.10,3.25,3.40,3.30,593,8183,0.07,98.00%,07/10/20
SNAP,25.53,Put,21.00,07/31/20,21,0.42,0.5,0.58,0.61,723,416,1.74,97.81%,07/10/20
LYFT,30.7,Call,45.00,08/07/20,28,0.00,0.3,0.60,0.36,538,279,1.93,97.78%,07/10/20
M,6.77,Call,8.00,08/21/20,42,0.45,0.49,0.52,0.48,1033,11870,0.09,97.77%,07/10/20
CCL,16.16,Call,22.50,09/18/20,70,0.90,0.97,1.04,1.02,2834,1537,1.84,97.58%,07/10/20
CAKE,21.69,Put,25.00,08/21/20,42,4.50,4.7,4.90,4.97,3756,3504,1.07,97.54%,07/10/20
GGAL,11.37,Call,10.00,08/21/20,42,2.15,2.22,2.30,2.20,672,281,2.39,97.44%,07/10/20
HMY,5.82,Put,4.00,08/21/20,42,0.00,0.05,0.10,0.10,527,5227,0.1,97.37%,07/10/20
CLF,5.74,Call,7.00,08/21/20,42,0.35,0.38,0.40,0.35,3002,2913,1.03,97.02%,07/10/20
CWH,30.23,Put,30.00,09/18/20,70,4.80,5.1,5.40,4.90,10092,10009,1.01,96.86%,07/10/20
CWH,30.23,Call,40.00,08/21/20,42,1.20,1.3,1.40,1.25,906,483,1.88,96.84%,07/10/20
AMBC,13.39,Call,15.00,08/21/20,42,1.00,1.13,1.25,1.16,3583,141,25.41,96.71%,07/10/20
CCL,16.16,Call,22.50,08/21/20,42,0.52,0.53,0.53,0.51,851,1611,0.53,96.57%,07/10/20
DKNG,32.43,Call,55.00,08/21/20,42,0.25,0.3,0.35,0.31,525,4276,0.12,96.42%,07/10/20
RCL,51.77,Call,55.00,09/18/20,70,7.50,7.65,7.80,7.44,635,2318,0.27,96.28%,07/10/20
APA,12.71,Call,20.00,10/16/20,98,0.75,0.78,0.81,0.78,776,4939,0.16,96.27%,07/10/20
DKNG,32.43,Call,40.00,08/21/20,42,1.80,1.95,2.10,1.85,3035,18135,0.17,96.27%,07/10/20
CCL,16.16,Call,20.00,09/18/20,70,1.40,1.45,1.50,1.48,3365,2407,1.4,96.22%,07/10/20
SABR,8.21,Call,11.00,10/16/20,98,0.70,0.77,0.85,0.81,2951,7528,0.39,96.16%,07/10/20
RCL,51.77,Call,60.00,09/18/20,70,5.75,5.9,6.05,5.80,552,3698,0.15,96.10%,07/10/20
CCL,16.16,Call,15.00,08/21/20,42,2.55,2.66,2.76,2.66,1110,3075,0.36,96.04%,07/10/20
BBBY,8.19,Call,10.00,11/20/20,133,1.20,1.29,1.37,1.30,1037,5098,0.2,96.03%,07/10/20
TSLA,1544.65,Call,2850.00,01/15/21,189,139.10,143.77,148.45,146.10,2120,288,7.36,96.03%,07/10/20
CCL,16.16,Call,17.50,08/21/20,42,1.50,1.58,1.65,1.58,2690,5107,0.53,95.99%,07/10/20
CCL,16.16,Call,20.00,08/21/20,42,0.88,0.89,0.90,0.90,2455,3874,0.63,95.88%,07/10/20
DKNG,32.43,Call,45.00,08/21/20,42,0.90,0.95,1.00,1.02,876,7073,0.12,95.85%,07/10/20
CCL,16.16,Call,17.50,09/18/20,70,2.06,2.13,2.20,2.19,1904,1857,1.03,95.76%,07/10/20
CAR,28.04,Put,45.00,11/20/20,133,18.30,18.7,19.10,19.10,750,756,0.99,95.71%,07/10/20
DKNG,32.43,Call,50.00,08/21/20,42,0.50,0.55,0.60,0.55,648,8962,0.07,95.52%,07/10/20
BBBY,8.19,Call,10.00,08/21/20,42,0.48,0.5,0.52,0.48,622,7180,0.09,95.36%,07/10/20
CNX,8.43,Put,7.00,08/21/20,42,0.40,0.43,0.45,0.43,15304,627,24.41,95.36%,07/10/20
CCL,16.16,Call,30.00,01/15/21,189,1.22,1.37,1.52,1.48,702,11580,0.06,95.32%,07/10/20
MAC,8.46,Call,14.00,09/18/20,70,0.20,0.3,0.40,0.25,1116,253,4.41,95.26%,07/10/20
HTZ,1.45,Call,8.00,01/21/22,560,0.12,0.14,0.16,0.12,699,22613,0.03,95.14%,07/10/20
ASPS,12.4,Call,25.00,10/16/20,98,0.15,0.35,0.55,0.30,1500,1519,0.99,95.08%,07/10/20
NET,40.08,Call,55.00,08/21/20,42,1.25,1.3,1.35,1.30,630,277,2.27,94.89%,07/10/20
NCLH,16.4,Call,50.00,01/15/21,189,0.41,0.45,0.49,0.41,765,4929,0.16,94.83%,07/10/20
CCL,16.16,Call,15.00,09/18/20,70,3.15,3.22,3.30,3.20,616,5622,0.11,94.75%,07/10/20
SONO,15.1,Call,17.50,08/21/20,42,1.10,1.13,1.15,1.10,590,3300,0.18,94.68%,07/10/20
NSTG,34.95,Call,35.00,08/21/20,42,3.20,4.05,4.90,4.45,500,1102,0.45,94.46%,07/10/20
CLF,5.74,Put,3.00,01/15/21,189,0.18,0.23,0.27,0.24,518,23286,0.02,94.25%,07/10/20
DAL,27.09,Put,26.00,07/31/20,21,1.75,1.91,2.06,1.86,911,133,6.85,93.70%,07/10/20
AMBC,13.39,Call,17.50,08/21/20,42,0.45,0.5,0.55,0.54,3377,3439,0.98,93.51%,07/10/20
IVR,3.31,Call,8.00,01/15/21,189,0.10,0.15,0.20,0.15,1106,6907,0.16,93.40%,07/10/20
MAC,8.46,Call,10.00,01/15/21,189,1.40,1.6,1.80,1.75,2795,1662,1.68,93.39%,07/10/20
M,6.77,Call,7.00,08/21/20,42,0.74,0.77,0.79,0.76,1024,9432,0.11,93.33%,07/10/20
CCL,16.16,Call,17.50,01/15/21,189,3.80,3.85,3.90,3.82,747,9188,0.08,93.22%,07/10/20
SONO,15.1,Call,15.00,08/21/20,42,1.90,1.97,2.05,1.95,584,16567,0.04,93.15%,07/10/20
BBBY,8.19,Call,15.00,11/20/20,133,0.40,0.46,0.52,0.44,916,4635,0.2,92.93%,07/10/20
VSTO,14.66,Call,15.00,08/21/20,42,1.60,1.83,2.05,1.70,1331,4519,0.29,92.85%,07/10/20
CCL,16.16,Call,25.00,01/15/21,189,2.05,2.06,2.07,2.04,661,20948,0.03,92.83%,07/10/20
CCL,16.16,Call,20.00,01/15/21,189,3.00,3.05,3.10,3.07,1062,19727,0.05,92.73%,07/10/20
DKNG,32.43,Put,30.00,07/31/20,21,1.35,1.78,2.20,1.70,542,2233,0.24,92.48%,07/10/20
HEAR,17.63,Call,18.00,08/21/20,42,1.85,2.23,2.60,2.05,599,730,0.82,92.41%,07/10/20
GPS,11.65,Put,11.00,08/21/20,42,0.60,0.84,1.08,1.10,801,534,1.5,92.37%,07/10/20
AXL,6.84,Call,15.00,10/16/20,98,0.10,0.13,0.15,0.10,1245,9906,0.13,92.04%,07/10/20
TSLA,1544.65,Call,2000.00,01/15/21,189,261.50,265.75,270.00,268.00,603,302,2,91.92%,07/10/20
SNAP,25.53,Call,35.00,08/07/20,28,0.39,0.4,0.41,0.39,1781,3872,0.46,91.62%,07/10/20
SPWR,9.23,Call,10.00,09/18/20,70,1.10,1.19,1.28,1.18,2234,2622,0.85,91.46%,07/10/20
NET,40.08,Call,50.00,08/21/20,42,1.90,1.92,1.95,1.94,758,748,1.01,91.39%,07/10/20
BYND,135.03,Call,200.00,08/21/20,42,2.36,2.49,2.62,2.49,824,1841,0.45,91.39%,07/10/20
TLRY,8.01,Call,8.50,08/07/20,28,0.60,0.63,0.65,0.61,871,5202,0.17,91.15%,07/10/20
CCL,16.16,Call,15.00,01/15/21,189,4.50,4.65,4.80,4.65,648,11795,0.05,91.09%,07/10/20
CNX,8.43,Put,8.00,08/21/20,42,0.75,0.78,0.80,0.80,15848,365,43.42,90.91%,07/10/20
SNAP,25.53,Put,21.50,07/31/20,21,0.59,0.62,0.65,0.62,3637,164,22.18,90.84%,07/10/20
SABR,8.21,Put,7.50,08/21/20,42,0.55,0.63,0.70,0.64,11203,8515,1.32,90.59%,07/10/20
W,223.76,Call,310.00,08/21/20,42,5.60,6.05,6.50,6.00,511,683,0.75,90.57%,07/10/20
RVLV,17.2,Put,17.50,08/21/20,42,2.30,2.53,2.75,2.25,1855,1800,1.03,90.31%,07/10/20
BBBY,8.19,Call,10.00,01/21/22,560,2.90,3.05,3.20,3.05,643,7584,0.08,90.21%,07/10/20
FTCH,21.32,Call,22.00,08/21/20,42,2.23,2.33,2.43,2.32,1108,625,1.77,90.17%,07/10/20
FTCH,21.32,Call,25.00,08/21/20,42,1.14,1.3,1.46,1.35,585,377,1.55,90.02%,07/10/20
X,7.36,Call,8.00,07/31/20,21,0.35,0.38,0.40,0.39,516,616,0.84,89.93%,07/10/20
TSLA,1544.65,Call,1500.00,01/15/21,189,406.85,411.43,416.00,412.00,734,3783,0.19,89.69%,07/10/20
PLUG,9.3,Call,5.50,01/15/21,189,4.20,4.4,4.60,4.35,559,4154,0.13,89.61%,07/10/20
HMY,5.82,Call,6.00,08/21/20,42,0.55,0.6,0.65,0.63,710,3902,0.18,89.46%,07/10/20
UAL,32.67,Call,35.00,01/15/21,189,7.15,7.4,7.65,7.50,1314,4352,0.3,89.41%,07/10/20
JWN,15.76,Call,22.50,10/16/20,98,1.01,1.11,1.20,1.10,751,5172,0.15,89.28%,07/10/20
ROKU,153.05,Call,200.00,08/21/20,42,5.30,5.45,5.60,5.49,995,410,2.43,89.26%,07/10/20
TLRY,8.01,Call,10.00,09/18/20,70,0.60,0.62,0.64,0.62,689,25819,0.03,89.17%,07/10/20
XENT,18.06,Call,27.50,08/21/20,42,0.05,0.28,0.50,0.25,2001,4002,0.5,88.89%,07/10/20
JWN,15.76,Call,25.00,10/16/20,98,0.66,0.78,0.90,0.75,570,4452,0.13,88.63%,07/10/20
TLRY,8.01,Call,9.00,08/21/20,42,0.58,0.62,0.65,0.60,574,1723,0.33,88.62%,07/10/20
EXK,2.61,Call,2.50,11/20/20,133,0.55,0.58,0.60,0.60,1423,10006,0.14,88.50%,07/10/20
SNAP,25.53,Put,23.00,07/31/20,21,0.95,1.08,1.20,1.02,2262,384,5.89,88.41%,07/10/20
VSTO,14.66,Call,20.00,08/21/20,42,0.30,0.43,0.55,0.40,1311,1483,0.88,88.39%,07/10/20
UAL,32.67,Call,52.50,12/18/20,161,2.60,2.8,2.99,2.85,584,288,2.03,88.38%,07/10/20
JBLU,10.6,Put,9.00,08/21/20,42,0.51,0.55,0.59,0.53,568,7764,0.07,88.29%,07/10/20
ROKU,153.05,Call,195.00,08/21/20,42,5.60,5.88,6.15,6.12,882,1773,0.5,88.21%,07/10/20
SEAS,15.69,Call,20.00,09/18/20,70,1.00,1.1,1.20,1.10,500,2423,0.21,88.15%,07/10/20
PTON,68.47,Call,90.00,08/21/20,42,2.06,2.21,2.35,2.30,528,2225,0.24,88.15%,07/10/20
X,7.36,Call,7.00,08/21/20,42,1.00,1.03,1.05,1.05,607,1019,0.6,88.08%,07/10/20
ALLY,20.12,Put,5.00,01/21/22,560,0.20,0.36,0.51,0.45,510,972,0.52,88.07%,07/10/20
MGM,16.2,Put,16.00,08/21/20,42,1.76,1.82,1.87,1.80,726,6814,0.11,88.06%,07/10/20
PTON,68.47,Put,30.00,10/16/20,98,0.20,0.28,0.36,0.27,4662,7157,0.65,87.64%,07/10/20
X,7.36,Call,9.00,08/21/20,42,0.33,0.36,0.39,0.36,881,3963,0.22,87.62%,07/10/20
CDE,5.69,Call,5.00,09/18/20,70,1.15,1.23,1.30,1.21,742,5344,0.14,87.57%,07/10/20
ROKU,153.05,Put,120.00,08/21/20,42,4.30,4.5,4.70,4.60,516,941,0.55,87.55%,07/10/20
ROKU,153.05,Put,125.00,08/21/20,42,5.70,5.85,6.00,5.94,1015,4376,0.23,87.42%,07/10/20
TLRY,8.01,Call,8.00,08/07/20,28,0.73,0.82,0.90,0.78,1205,1952,0.62,87.41%,07/10/20
SNAP,25.53,Call,26.00,07/31/20,21,1.90,1.95,2.00,1.93,43923,656,66.96,87.30%,07/10/20
NET,40.08,Call,45.00,08/21/20,42,2.90,2.93,2.95,2.94,1321,886,1.49,87.25%,07/10/20
HEXO,0.75,Call,1.00,01/21/22,560,0.20,0.23,0.25,0.25,2043,127775,0.02,87.15%,07/10/20
APHA,4.3,Call,3.00,10/16/20,98,1.42,1.54,1.66,1.50,506,2782,0.18,87.02%,07/10/20
MGM,16.2,Call,16.00,08/21/20,42,1.93,2,2.07,2.00,1271,4816,0.26,86.93%,07/10/20
ROKU,153.05,Call,180.00,08/21/20,42,8.70,9.05,9.40,8.95,581,1310,0.44,86.86%,07/10/20
ROKU,153.05,Call,200.00,07/31/20,21,1.68,1.73,1.79,1.72,2574,1073,2.4,86.83%,07/10/20
GLUU,10.38,Call,10.00,08/21/20,42,1.35,1.4,1.45,1.40,5824,1815,3.21,86.82%,07/10/20
SFIX,28.27,Put,29.00,08/21/20,42,3.00,3.13,3.25,3.70,502,124,4.05,86.73%,07/10/20
SNBR,52.97,Put,40.00,08/21/20,42,0.80,1.13,1.45,1.20,502,1032,0.49,86.52%,07/10/20
CDE,5.69,Call,6.00,08/21/20,42,0.50,0.53,0.55,0.54,760,1201,0.63,86.34%,07/10/20
ASPS,12.4,Call,15.00,10/16/20,98,1.30,1.58,1.85,1.35,1520,1606,0.95,86.31%,07/10/20
NET,40.08,Call,42.00,08/21/20,42,3.70,3.8,3.90,3.90,1057,490,2.16,86.29%,07/10/20
DAL,27.09,Call,43.00,09/18/20,70,0.50,0.61,0.71,0.69,1037,617,1.68,86.26%,07/10/20
MGM,16.2,Put,17.00,09/18/20,70,2.73,2.84,2.96,2.88,2555,3270,0.78,86.26%,07/10/20
GLUU,10.38,Call,12.00,08/21/20,42,0.60,0.65,0.70,0.65,11299,464,24.35,86.14%,07/10/20
X,7.36,Call,10.00,08/21/20,42,0.18,0.19,0.20,0.19,1685,5500,0.31,86.06%,07/10/20
ROKU,153.05,Call,170.00,08/21/20,42,11.30,11.65,12.00,11.53,561,769,0.73,86.01%,07/10/20
MGM,16.2,Put,13.00,12/18/20,161,1.60,1.83,2.06,1.88,2501,7265,0.34,85.99%,07/10/20
DKNG,32.43,Call,40.00,07/31/20,21,0.55,0.68,0.80,0.60,544,1032,0.53,85.94%,07/10/20
NET,40.08,Call,40.00,08/21/20,42,4.60,4.65,4.70,4.70,2061,3122,0.66,85.80%,07/10/20
ROKU,153.05,Call,150.00,08/21/20,42,18.45,18.83,19.20,19.20,1033,2103,0.49,85.77%,07/10/20
X,7.36,Call,11.00,08/21/20,42,0.09,0.11,0.12,0.10,1235,2439,0.51,85.69%,07/10/20
UAL,32.67,Put,25.00,01/21/22,560,7.50,7.88,8.25,7.85,1427,504,2.83,85.67%,07/10/20
NET,40.08,Call,43.00,08/21/20,42,3.30,3.45,3.60,3.50,553,429,1.29,85.65%,07/10/20
M,6.77,Call,10.00,01/15/21,189,0.76,0.79,0.81,0.80,789,18755,0.04,85.56%,07/10/20
NKLA,54.24,Call,65.00,08/21/20,42,2.50,2.75,3.00,2.80,564,2438,0.23,85.51%,07/10/20
MGM,16.2,Call,17.00,08/21/20,42,1.51,1.56,1.60,1.55,572,5423,0.11,85.50%,07/10/20
DAL,27.09,Call,30.00,08/21/20,42,1.97,1.98,2.00,2.05,841,3863,0.22,85.49%,07/10/20
ROKU,153.05,Call,160.00,08/21/20,42,14.70,14.95,15.20,14.85,834,728,1.15,85.37%,07/10/20
CLF,5.74,Call,6.00,10/16/20,98,0.91,0.92,0.92,0.91,679,3184,0.21,85.32%,07/10/20
SNCR,3.24,Put,2.50,09/18/20,70,0.10,0.15,0.20,0.15,970,2083,0.47,85.30%,07/10/20
PTON,68.47,Put,55.00,08/21/20,42,2.20,2.33,2.45,2.26,564,466,1.21,85.23%,07/10/20
X,7.36,Call,7.00,09/18/20,70,1.25,1.27,1.28,1.26,1052,363,2.9,85.15%,07/10/20
MGM,16.2,Call,16.00,09/18/20,70,2.38,2.47,2.55,2.50,1546,4711,0.33,85.13%,07/10/20
ROKU,153.05,Call,155.00,08/21/20,42,16.50,16.73,16.95,16.80,634,1700,0.37,85.00%,07/10/20
WYNN,74.13,Put,72.50,08/21/20,42,6.85,7.18,7.50,7.55,1024,553,1.85,84.94%,07/10/20
ROKU,153.05,Call,135.00,08/21/20,42,26.25,26.85,27.45,27.16,502,1367,0.37,84.84%,07/10/20
HL,4.02,Call,6.00,09/18/20,70,0.12,0.13,0.14,0.13,607,2212,0.27,84.65%,07/10/20
IVR,3.31,Call,4.00,08/21/20,42,0.15,0.18,0.20,0.16,1023,2593,0.39,84.60%,07/10/20
NET,40.08,Call,41.00,08/21/20,42,4.20,4.25,4.30,4.20,615,195,3.15,84.49%,07/10/20
TLRY,8.01,Call,7.00,08/07/20,28,1.18,1.39,1.60,1.32,895,1862,0.48,84.34%,07/10/20
DAL,27.09,Call,40.00,09/18/20,70,0.81,0.9,0.98,0.91,3269,12000,0.27,84.28%,07/10/20
TLRY,8.01,Call,8.00,08/21/20,42,0.92,0.93,0.94,0.92,742,5999,0.12,84.25%,07/10/20
NOK,4.12,Call,4.50,07/31/20,21,0.18,0.19,0.19,0.19,1326,5460,0.24,84.17%,07/10/20
EXK,2.61,Call,2.50,08/21/20,42,0.30,0.35,0.40,0.35,3197,10609,0.3,84.10%,07/10/20
PLUG,9.3,Call,10.00,01/21/22,560,3.55,3.6,3.65,3.55,720,4279,0.17,84.07%,07/10/20
TLRY,8.01,Call,9.00,09/18/20,70,0.78,0.8,0.83,0.81,884,11537,0.08,83.70%,07/10/20
GPS,11.65,Call,13.50,07/31/20,21,0.00,0.2,0.40,0.34,548,531,1.03,83.64%,07/10/20
NET,40.08,Put,36.00,08/21/20,42,2.15,2.68,3.20,2.53,555,139,3.99,83.64%,07/10/20
ERI,40.15,Call,50.00,01/15/21,189,6.25,6.88,7.50,6.50,1010,2943,0.34,83.64%,07/10/20
GPS,11.65,Call,12.00,09/18/20,70,1.57,1.62,1.66,1.56,558,959,0.58,83.59%,07/10/20
CLDR,12.4,Call,15.00,08/21/20,42,0.58,0.59,0.59,0.58,562,14178,0.04,83.49%,07/10/20
ET,6.44,Put,5.00,08/21/20,42,0.15,0.16,0.17,0.16,568,641,0.89,83.38%,07/10/20
MGM,16.2,Call,20.00,09/18/20,70,1.12,1.14,1.16,1.15,2060,12511,0.16,83.31%,07/10/20
DAL,27.09,Call,36.00,09/18/20,70,1.04,1.27,1.50,1.42,2938,1440,2.04,83.27%,07/10/20
X,7.36,Call,10.00,09/18/20,70,0.33,0.37,0.41,0.35,1723,840,2.05,83.23%,07/10/20
PTON,68.47,Call,75.00,08/21/20,42,4.75,5.13,5.50,5.23,567,2271,0.25,83.15%,07/10/20
IVR,3.31,Call,4.00,10/16/20,98,0.30,0.32,0.35,0.34,2740,44718,0.06,83.12%,07/10/20
UAL,32.67,Call,44.00,12/18/20,161,4.30,5.1,5.90,3.85,583,342,1.7,82.89%,07/10/20
SNAP,25.53,Put,17.00,08/21/20,42,0.18,0.19,0.19,0.19,1579,2402,0.66,82.89%,07/10/20
DAL,27.09,Call,39.00,09/18/20,70,0.88,0.94,1.00,0.97,697,5044,0.14,82.67%,07/10/20
AMD,55.88,Call,95.00,08/21/20,42,0.22,0.23,0.23,0.23,1435,1869,0.77,82.56%,07/10/20
WPX,5.44,Put,4.00,01/15/21,189,0.50,0.53,0.55,0.51,11184,10107,1.11,82.55%,07/10/20
DAL,27.09,Call,38.00,09/18/20,70,1.00,1.1,1.20,1.09,4746,2763,1.72,82.51%,07/10/20
PTON,68.47,Call,70.00,08/21/20,42,7.00,7.18,7.35,7.00,903,2040,0.44,82.41%,07/10/20
SPG,63.98,Call,135.00,10/16/20,98,0.25,0.7,1.14,0.64,507,1224,0.41,82.29%,07/10/20
LYV,46.44,Put,25.00,01/15/21,189,1.35,1.63,1.90,1.45,1437,247,5.82,82.14%,07/10/20
CCL,16.16,Call,20.00,01/21/22,560,4.90,5.13,5.35,5.35,553,11670,0.05,82.13%,07/10/20
AER,28.71,Put,25.00,08/21/20,42,1.35,1.43,1.50,1.46,2166,3100,0.7,82.04%,07/10/20
PTON,68.47,Put,40.00,10/16/20,98,1.00,1.04,1.08,1.05,5147,7348,0.7,81.95%,07/10/20
ERJ,6.06,Call,10.00,01/15/21,189,0.40,0.53,0.65,0.50,601,3731,0.16,81.87%,07/10/20
MGM,16.2,Call,19.00,09/18/20,70,1.24,1.36,1.47,1.35,807,2042,0.4,81.61%,07/10/20
DAL,27.09,Call,35.00,09/18/20,70,1.45,1.52,1.58,1.53,671,13747,0.05,81.59%,07/10/20
UAL,32.67,Put,33.00,01/21/22,560,11.95,12.5,13.05,12.40,1000,154,6.49,81.59%,07/10/20
INSG,11.24,Call,10.00,08/21/20,42,1.90,1.97,2.05,1.90,622,2592,0.24,81.58%,07/10/20
GPRO,4.9,Call,10.00,01/15/21,189,0.18,0.22,0.25,0.22,1567,4585,0.34,81.41%,07/10/20
LYV,46.44,Put,35.00,08/21/20,42,0.85,0.91,0.96,0.87,2463,359,6.86,81.40%,07/10/20
SPG,63.98,Put,50.00,08/21/20,42,1.29,1.52,1.75,1.55,3203,6169,0.52,81.15%,07/10/20
CCL,16.16,Call,5.00,01/15/21,189,10.90,11.05,11.20,10.85,812,1722,0.47,81.09%,07/10/20
DHT,5.44,Call,13.00,12/18/20,161,0.00,0.05,0.10,0.10,500,2173,0.23,80.99%,07/10/20
X,7.36,Call,11.00,10/16/20,98,0.30,0.36,0.42,0.34,543,3991,0.14,80.90%,07/10/20
PTON,68.47,Call,65.00,08/21/20,42,9.05,9.28,9.50,9.20,614,1546,0.4,80.90%,07/10/20
X,7.36,Call,8.00,08/21/20,42,0.56,0.6,0.64,0.56,1729,5228,0.33,80.86%,07/10/20
SNAP,25.53,Call,35.00,08/14/20,35,0.41,0.45,0.50,0.37,1654,589,2.81,80.71%,07/10/20
COF,60.8,Put,50.00,07/31/20,21,0.75,0.84,0.93,0.86,1517,595,2.55,80.62%,07/10/20
SPG,63.98,Put,65.00,08/21/20,42,7.45,7.98,8.50,7.45,623,3532,0.18,80.29%,07/10/20
DT,43.38,Call,45.00,08/21/20,42,3.90,4.1,4.30,4.04,649,770,0.84,80.17%,07/10/20
APHA,4.3,Call,5.00,01/15/21,189,0.70,0.73,0.75,0.75,635,47204,0.01,80.14%,07/10/20
CLF,5.74,Call,6.00,01/15/21,189,1.16,1.21,1.25,1.22,2203,23419,0.09,80.10%,07/10/20
ROKU,153.05,Call,180.00,07/31/20,21,3.50,3.58,3.65,3.55,1725,253,6.82,80.03%,07/10/20
WYNN,74.13,Call,80.00,08/21/20,42,5.25,5.73,6.20,5.72,527,823,0.64,79.72%,07/10/20
CAKE,21.69,Call,25.00,08/21/20,42,1.15,1.2,1.25,1.20,3867,4045,0.96,79.67%,07/10/20
AMRN,6.72,Call,8.00,08/21/20,42,0.31,0.32,0.32,0.31,703,4707,0.15,79.48%,07/10/20
SPG,63.98,Put,60.00,08/21/20,42,4.75,4.88,5.00,4.80,3264,4120,0.79,79.46%,07/10/20
SNAP,25.53,Call,35.00,08/21/20,42,0.48,0.5,0.51,0.48,716,1496,0.48,79.34%,07/10/20
HIMX,3.88,Call,5.00,08/21/20,42,0.10,0.15,0.20,0.11,625,282,2.22,79.19%,07/10/20
X,7.36,Call,15.00,01/15/21,189,0.26,0.28,0.29,0.30,892,14627,0.06,79.08%,07/10/20
BA,178.44,Call,200.00,07/31/20,21,5.85,6.1,6.35,6.00,2152,2904,0.74,78.72%,07/10/20
WYNN,74.13,Call,100.00,08/21/20,42,1.51,1.7,1.89,1.52,750,2155,0.35,78.71%,07/10/20
GLUU,10.38,Call,12.00,09/18/20,70,0.70,0.8,0.90,0.86,3033,1549,1.96,78.62%,07/10/20
HL,4.02,Call,3.50,01/15/21,189,1.07,1.12,1.17,1.13,659,17100,0.04,78.28%,07/10/20
HL,4.02,Call,4.00,01/15/21,189,0.81,0.91,1.01,0.91,697,3789,0.18,78.26%,07/10/20
ROKU,153.05,Call,175.00,07/31/20,21,4.25,4.4,4.55,4.30,563,229,2.46,78.23%,07/10/20
DAL,27.09,Put,20.00,01/15/21,189,2.08,2.49,2.90,2.33,557,14825,0.04,78.17%,07/10/20
NKLA,54.24,Call,60.00,08/21/20,42,3.50,3.6,3.70,3.60,921,5071,0.18,78.16%,07/10/20
BA,178.44,Call,250.00,08/21/20,42,2.72,2.85,2.98,2.72,1867,5501,0.34,78.16%,07/10/20
LB,15.93,Call,19.00,08/21/20,42,0.35,0.58,0.80,0.70,527,627,0.84,78.05%,07/10/20
CLDR,12.4,Put,12.50,08/21/20,42,1.34,1.37,1.40,1.35,592,2247,0.26,77.99%,07/10/20
HL,4.02,Call,2.00,01/15/21,189,1.57,1.9,2.22,2.11,2942,6090,0.48,77.76%,07/10/20
LYFT,30.7,Call,42.50,08/21/20,42,0.43,0.46,0.50,0.50,540,907,0.6,77.67%,07/10/20
WYNN,74.13,Call,80.00,09/18/20,70,7.65,7.78,7.90,7.80,692,1683,0.41,77.67%,07/10/20
FEYE,12.73,Call,13.00,07/31/20,21,0.80,0.83,0.86,0.83,723,3422,0.21,77.67%,07/10/20
SQ,128.05,Put,80.00,09/18/20,70,1.00,1.35,1.69,1.27,1052,5707,0.18,77.60%,07/10/20
AGNC,12.71,Put,3.00,01/21/22,560,0.00,0.78,1.55,0.15,1400,1592,0.88,77.58%,07/10/20
YPF,6.3,Put,5.50,08/07/20,28,0.10,0.28,0.45,0.20,1084,699,1.55,77.55%,07/10/20
NAT,4.4,Call,4.50,08/21/20,42,0.42,0.43,0.44,0.42,3534,755,4.68,77.51%,07/10/20
NAT,4.4,Call,5.00,08/21/20,42,0.24,0.25,0.25,0.25,1469,2535,0.58,77.47%,07/10/20
IVR,3.31,Call,5.00,01/15/21,189,0.30,0.32,0.35,0.30,2631,58944,0.04,77.31%,07/10/20
NOK,4.12,Call,5.00,08/21/20,42,0.15,0.16,0.16,0.16,1357,13781,0.1,77.30%,07/10/20
PE,10.44,Put,10.00,08/21/20,42,0.80,0.88,0.95,0.85,723,1311,0.55,77.09%,07/10/20
ROKU,153.05,Call,170.00,07/31/20,21,5.00,5.23,5.45,5.30,766,205,3.74,76.95%,07/10/20
WPX,5.44,Call,6.00,01/15/21,189,1.00,1.05,1.10,1.00,10695,10370,1.03,76.95%,07/10/20
AMBC,13.39,Call,15.00,11/20/20,133,1.85,2.18,2.50,1.90,517,664,0.78,76.91%,07/10/20
SPG,63.98,Put,45.00,01/15/21,189,4.15,4.38,4.60,4.50,620,920,0.67,76.79%,07/10/20
TLRY,8.01,Call,7.00,08/21/20,42,1.37,1.39,1.40,1.39,949,2206,0.43,76.70%,07/10/20
AG,10.41,Call,20.00,10/16/20,98,0.12,0.14,0.15,0.12,521,1909,0.27,76.57%,07/10/20
IVR,3.31,Call,4.00,01/15/21,189,0.45,0.48,0.50,0.50,895,69010,0.01,76.48%,07/10/20
WYNN,74.13,Call,110.00,09/18/20,70,1.84,1.9,1.95,1.78,2586,1045,2.47,76.45%,07/10/20
SOGO,5.5,Call,5.00,01/15/21,189,1.35,1.43,1.50,1.42,1166,4410,0.26,76.43%,07/10/20
MPC,36.2,Put,30.00,08/21/20,42,1.01,1.13,1.25,1.15,1276,666,1.92,76.36%,07/10/20
VICI,19.96,Put,15.00,08/21/20,42,0.25,0.33,0.40,0.30,569,3015,0.19,76.33%,07/10/20
HPQ,16.99,Put,12.00,08/21/20,42,0.04,0.1,0.15,0.15,1500,1753,0.86,76.25%,07/10/20
BA,178.44,Call,180.00,07/31/20,21,11.70,12.4,13.10,12.35,1165,934,1.25,76.22%,07/10/20
SPG,63.98,Put,55.00,10/16/20,98,4.80,5.28,5.75,5.40,1003,2133,0.47,76.19%,07/10/20
HAL,12.06,Put,7.50,01/15/21,189,0.48,0.55,0.63,0.53,11131,15235,0.73,76.18%,07/10/20
QRTEA,9.61,Call,10.00,08/21/20,42,0.75,0.82,0.89,0.83,520,413,1.26,76.12%,07/10/20
BA,178.44,Call,190.00,07/31/20,21,8.00,8.45,8.90,8.45,745,899,0.83,76.12%,07/10/20
ROKU,153.05,Call,155.00,07/31/20,21,9.10,9.6,10.10,10.30,510,346,1.47,76.07%,07/10/20
WYNN,74.13,Call,100.00,09/18/20,70,2.92,2.94,2.95,2.90,6993,2760,2.53,76.07%,07/10/20
SFIX,28.27,Put,28.00,08/21/20,42,2.54,2.62,2.70,2.73,537,106,5.07,76.01%,07/10/20
CCL,16.16,Call,40.00,01/21/22,560,1.92,2.01,2.10,2.06,1042,22602,0.05,76.01%,07/10/20
ROKU,153.05,Call,160.00,07/31/20,21,7.25,7.78,8.30,8.25,1000,402,2.49,75.84%,07/10/20
SKT,6.62,Call,8.00,08/21/20,42,0.17,0.25,0.32,0.25,548,497,1.1,75.47%,07/10/20
WYNN,74.13,Call,105.00,09/18/20,70,1.95,2.3,2.65,2.20,2935,5683,0.52,75.43%,07/10/20
HL,4.02,Call,4.00,07/31/20,21,0.20,0.38,0.56,0.30,2146,2248,0.95,75.27%,07/10/20
HAL,12.06,Put,25.00,01/15/21,189,12.50,13,13.50,13.15,551,10870,0.05,74.97%,07/10/20
LB,15.93,Call,19.00,09/18/20,70,0.81,1,1.18,1.07,513,7977,0.06,74.95%,07/10/20
PTON,68.47,Call,80.00,10/16/20,98,6.45,6.55,6.65,6.63,4561,1431,3.19,74.91%,07/10/20
BILI,47.55,Put,40.00,10/16/20,98,3.10,3.43,3.75,3.55,1201,3839,0.31,74.89%,07/10/20
LYV,46.44,Put,45.00,08/21/20,42,3.80,3.9,4.00,3.90,2822,587,4.81,74.86%,07/10/20
PTON,68.47,Call,75.00,10/16/20,98,7.85,8.02,8.20,8.15,610,2057,0.3,74.82%,07/10/20
F,6.1,Put,5.50,07/31/20,21,0.18,0.2,0.21,0.18,791,1841,0.43,74.76%,07/10/20
DKNG,32.43,Call,20.00,01/15/21,189,13.60,14.25,14.90,13.88,500,2678,0.19,74.74%,07/10/20
BA,178.44,Call,230.00,08/21/20,42,4.10,4.53,4.95,4.29,1844,1946,0.95,74.72%,07/10/20
SPG,63.98,Call,65.00,08/21/20,42,5.80,6.15,6.50,6.04,1769,1204,1.47,74.62%,07/10/20
CHGG,75.02,Put,65.00,08/21/20,42,3.00,3.25,3.50,3.10,1537,1640,0.94,74.60%,07/10/20
BILI,47.55,Call,55.00,08/21/20,42,2.04,2.17,2.30,2.28,736,1420,0.52,74.55%,07/10/20
BA,178.44,Call,300.00,10/16/20,98,3.60,3.73,3.85,3.70,761,2511,0.3,74.47%,07/10/20
NRZ,6.82,Call,8.00,08/21/20,42,0.29,0.3,0.30,0.30,584,6780,0.09,74.44%,07/10/20
PCG,9.09,Call,11.00,07/31/20,21,0.13,0.14,0.14,0.13,5591,69129,0.08,74.23%,07/10/20
PCG,9.09,Call,12.00,08/21/20,42,0.17,0.18,0.18,0.18,1356,56984,0.02,74.17%,07/10/20
SNAP,25.53,Call,30.00,08/21/20,42,1.12,1.15,1.18,1.10,2713,7939,0.34,74.07%,07/10/20
SPG,63.98,Put,45.00,01/21/22,560,9.55,10.68,11.80,10.55,510,339,1.5,73.90%,07/10/20
PCG,9.09,Call,11.00,08/14/20,35,0.23,0.27,0.31,0.26,646,330,1.96,73.83%,07/10/20
NKLA,54.24,Call,55.00,07/31/20,21,3.30,3.45,3.60,3.50,802,1742,0.46,73.75%,07/10/20
NET,40.08,Call,50.00,01/15/21,189,5.10,5.25,5.40,5.31,628,714,0.88,73.53%,07/10/20
SNAP,25.53,Call,25.00,08/21/20,42,2.79,2.82,2.84,2.80,2666,8004,0.33,73.53%,07/10/20
AMD,55.88,Call,60.00,07/31/20,21,2.20,2.28,2.35,2.35,4133,8816,0.47,73.50%,07/10/20
BBD,4.14,Put,5.00,08/21/20,42,0.91,0.92,0.93,1.00,700,664,1.05,73.47%,07/10/20
NAT,4.4,Call,6.00,10/16/20,98,0.20,0.23,0.25,0.23,622,5469,0.11,73.46%,07/10/20
HAL,12.06,Put,11.00,10/16/20,98,1.18,1.21,1.25,1.24,2483,2142,1.16,73.39%,07/10/20
EXK,2.61,Put,2.50,08/21/20,42,0.20,0.25,0.30,0.20,2659,547,4.86,73.38%,07/10/20
PCG,9.09,Put,7.00,10/16/20,98,0.36,0.4,0.44,0.43,1254,1267,0.99,73.32%,07/10/20
AEO,10.66,Call,12.00,11/20/20,133,1.35,1.38,1.40,1.40,581,11580,0.05,73.25%,07/10/20
AMD,55.88,Call,64.00,07/31/20,21,1.34,1.51,1.68,1.33,892,1224,0.73,73.19%,07/10/20
TLRY,8.01,Call,10.00,01/15/21,189,1.00,1.05,1.10,1.05,913,19935,0.05,73.12%,07/10/20
SNAP,25.53,Call,28.00,08/21/20,42,1.64,1.65,1.67,1.60,1207,4662,0.26,73.12%,07/10/20
PTON,68.47,Call,70.00,01/15/21,189,13.50,13.73,13.95,13.77,1280,1475,0.87,72.97%,07/10/20
CHGG,75.02,Call,85.00,08/21/20,42,4.00,4.05,4.10,3.90,1244,408,3.05,72.96%,07/10/20
PCG,9.09,Call,13.00,09/18/20,70,0.13,0.19,0.24,0.23,2328,14125,0.16,72.90%,07/10/20
SQ,128.05,Call,150.00,08/21/20,42,5.30,5.35,5.40,5.40,1148,2289,0.5,72.61%,07/10/20
ROKU,153.05,Call,150.00,07/31/20,21,11.30,11.88,12.45,12.15,568,1264,0.45,72.48%,07/10/20
EOG,45.4,Put,25.00,01/15/21,189,0.96,1.13,1.30,1.04,586,492,1.19,72.31%,07/10/20
BA,178.44,Put,140.00,08/21/20,42,2.84,3.27,3.70,3.24,1293,3825,0.34,72.30%,07/10/20
PINS,26.56,Call,30.00,07/31/20,21,0.60,0.66,0.72,0.70,773,1880,0.41,72.29%,07/10/20
AMD,55.88,Call,58.00,07/31/20,21,2.80,3.13,3.45,2.98,1255,1602,0.78,72.27%,07/10/20
PINS,26.56,Call,30.00,08/21/20,42,1.35,1.38,1.41,1.38,701,6115,0.11,72.19%,07/10/20
PTON,68.47,Put,35.00,01/21/22,560,5.10,5.18,5.25,5.15,2788,506,5.51,72.19%,07/10/20
PD,28.22,Call,30.00,08/21/20,42,2.05,2.18,2.30,2.05,557,1774,0.31,72.17%,07/10/20
COUP,308.28,Put,240.00,07/31/20,21,0.80,1.33,1.85,1.53,750,794,0.94,72.08%,07/10/20
CHGG,75.02,Call,75.00,08/21/20,42,7.30,7.4,7.50,7.35,683,1256,0.54,71.97%,07/10/20
F,6.1,Call,6.00,07/31/20,21,0.45,0.48,0.50,0.47,1161,3655,0.32,71.91%,07/10/20
HAL,12.06,Put,10.00,01/15/21,189,1.22,1.29,1.35,1.33,2474,4623,0.54,71.81%,07/10/20
AA,11.41,Call,15.00,08/21/20,42,0.18,0.2,0.22,0.21,1555,13112,0.12,71.77%,07/10/20
CHGG,75.02,Call,80.00,08/21/20,42,5.30,5.4,5.50,5.30,637,1556,0.41,71.56%,07/10/20
PCG,9.09,Call,11.00,08/21/20,42,0.28,0.31,0.33,0.30,3785,8470,0.45,71.46%,07/10/20
SPG,63.98,Call,100.00,10/16/20,98,1.45,1.62,1.79,1.65,576,2564,0.22,71.44%,07/10/20
EXPE,83.54,Put,85.00,08/21/20,42,8.25,8.55,8.85,8.79,1656,518,3.2,71.32%,07/10/20
BILI,47.55,Call,50.00,08/21/20,42,3.55,3.6,3.65,3.60,2086,5450,0.38,71.32%,07/10/20
LYFT,30.7,Put,30.00,01/15/21,189,5.45,5.53,5.60,5.65,623,8701,0.07,70.93%,07/10/20
BA,178.44,Put,150.00,08/21/20,42,4.90,5.15,5.40,5.32,616,2765,0.22,70.83%,07/10/20
CGC,17.42,Call,20.00,08/21/20,42,0.78,0.8,0.81,0.79,1405,5544,0.25,70.72%,07/10/20
PCG,9.09,Put,9.00,08/21/20,42,0.76,0.8,0.84,0.81,839,5390,0.16,70.55%,07/10/20
UBER,33.14,Put,26.00,08/21/20,42,0.52,0.55,0.59,0.56,1573,1238,1.27,70.55%,07/10/20
BA,178.44,Call,200.00,08/21/20,42,9.00,9.2,9.40,9.32,884,5355,0.17,70.53%,07/10/20
LRN,33.93,Call,10.00,12/18/20,161,24.10,24.45,24.80,24.00,500,1200,0.42,70.52%,07/10/20
EXPE,83.54,Call,85.00,08/21/20,42,7.10,7.3,7.50,7.35,1790,4546,0.39,70.35%,07/10/20
PTON,68.47,Put,60.00,01/21/22,560,16.35,16.63,16.90,16.90,1005,2442,0.41,70.33%,07/10/20
ON,20.49,Call,20.00,08/21/20,42,2.10,2.15,2.20,2.19,1342,2638,0.51,70.25%,07/10/20
HTGC,10.15,Put,7.50,10/16/20,98,0.25,0.35,0.45,0.35,970,1177,0.82,70.19%,07/10/20
CHWY,48.55,Put,40.00,07/31/20,21,0.23,0.34,0.44,0.45,518,528,0.98,69.97%,07/10/20
DB,10.1,Put,7.00,10/16/20,98,0.20,0.24,0.28,0.24,596,2283,0.26,69.87%,07/10/20
BA,178.44,Put,180.00,08/21/20,42,17.20,17.88,18.55,17.54,20128,1633,12.33,69.86%,07/10/20
DAL,27.09,Call,36.00,12/18/20,161,2.25,2.39,2.53,2.40,616,670,0.92,69.85%,07/10/20
BA,178.44,Put,160.00,08/21/20,42,7.95,8.55,9.15,8.30,1394,3240,0.43,69.84%,07/10/20
SQ,128.05,Call,130.00,08/21/20,42,11.10,11.45,11.80,11.30,723,2487,0.29,69.83%,07/10/20
AMD,55.88,Call,57.00,07/31/20,21,3.20,3.23,3.25,3.25,4298,1625,2.64,69.80%,07/10/20
XRX,15.49,Put,14.00,08/21/20,42,0.75,0.78,0.80,0.76,660,4065,0.16,69.77%,07/10/20
CLDR,12.4,Call,15.00,01/15/21,189,1.36,1.51,1.66,1.63,1027,4823,0.21,69.74%,07/10/20
F,6.1,Call,6.00,08/07/20,28,0.50,0.52,0.54,0.52,593,1478,0.4,69.71%,07/10/20
BA,178.44,Call,180.00,08/21/20,42,15.95,16.08,16.20,16.20,21142,4070,5.19,69.63%,07/10/20
PDD,87.3,Put,90.00,08/21/20,42,10.05,10.23,10.40,9.67,782,903,0.87,69.62%,07/10/20
BA,178.44,Call,185.00,08/21/20,42,13.70,14,14.30,14.10,1091,1525,0.72,69.57%,07/10/20
BA,178.44,Call,175.00,08/21/20,42,18.05,18.7,19.35,18.50,571,896,0.64,69.55%,07/10/20
F,6.1,Call,6.50,07/31/20,21,0.24,0.25,0.25,0.25,921,4355,0.21,69.49%,07/10/20
DAL,27.09,Call,30.00,01/15/21,189,4.30,4.38,4.45,4.36,1483,24603,0.06,69.46%,07/10/20
EURN,9.06,Call,17.50,12/18/20,161,0.05,0.2,0.35,0.20,511,1590,0.32,69.30%,07/10/20
SQ,128.05,Call,180.00,09/18/20,70,3.05,3.45,3.85,3.05,723,146,4.95,69.30%,07/10/20
PCG,9.09,Call,10.00,07/31/20,21,0.23,0.32,0.40,0.28,1434,4564,0.31,69.27%,07/10/20
PCG,9.09,Call,12.00,09/18/20,70,0.30,0.32,0.34,0.31,952,29542,0.03,69.15%,07/10/20
TTM,7.35,Call,12.00,01/15/21,189,0.35,0.4,0.45,0.40,2058,176,11.69,69.04%,07/10/20
ON,20.49,Call,21.00,08/21/20,42,1.65,1.73,1.80,1.70,1637,10777,0.15,68.94%,07/10/20
AG,10.41,Call,13.00,10/16/20,98,0.68,0.71,0.74,0.68,1010,2652,0.38,68.93%,07/10/20
COP,39.69,Put,32.00,08/21/20,42,0.51,0.63,0.75,0.79,519,737,0.7,68.88%,07/10/20
UAL,32.67,Call,65.00,01/21/22,560,4.00,4.55,5.10,4.57,686,1259,0.54,68.84%,07/10/20
LUV,33.22,Put,32.50,09/18/20,70,3.40,3.65,3.90,3.54,1224,2080,0.59,68.78%,07/10/20
MLHR,21.38,Call,40.00,11/20/20,133,0.05,0.2,0.35,0.35,4510,4504,1,68.70%,07/10/20
PCG,9.09,Put,8.00,01/15/21,189,1.09,1.16,1.22,1.15,1528,11948,0.13,68.68%,07/10/20
FEYE,12.73,Call,13.00,08/21/20,42,1.01,1.04,1.07,1.07,501,1453,0.34,68.61%,07/10/20
DAL,27.09,Call,50.00,01/15/21,189,0.89,0.94,0.99,0.94,674,27790,0.02,68.60%,07/10/20
F,6.1,Put,6.50,07/31/20,21,0.63,0.66,0.68,0.64,737,1634,0.45,68.59%,07/10/20
DB,10.1,Put,6.00,01/15/21,189,0.27,0.3,0.33,0.27,8530,1936,4.41,68.28%,07/10/20
F,6.1,Call,7.00,07/31/20,21,0.11,0.11,0.12,0.12,1224,5413,0.23,68.17%,07/10/20
TME,17.09,Call,21.00,08/21/20,42,0.41,0.43,0.45,0.45,569,3954,0.14,68.14%,07/10/20
AMD,55.88,Call,56.00,07/31/20,21,3.55,3.63,3.70,3.60,738,1357,0.54,68.07%,07/10/20
INFN,6.14,Call,7.00,01/15/21,189,0.70,0.88,1.05,0.90,845,866,0.98,68.06%,07/10/20
BA,178.44,Call,240.00,10/16/20,98,7.65,8.08,8.50,8.22,534,679,0.79,68.05%,07/10/20
ON,20.49,Call,22.00,08/21/20,42,1.25,1.3,1.35,1.30,3531,2772,1.27,68.05%,07/10/20
CHNG,10.05,Call,11.00,08/21/20,42,0.40,0.53,0.65,0.57,5018,6611,0.76,68.05%,07/10/20
SQ,128.05,Call,160.00,09/18/20,70,4.80,5.23,5.65,5.65,587,770,0.76,68.00%,07/10/20
AMD,55.88,Call,55.00,07/31/20,21,4.00,4.08,4.15,4.08,690,3938,0.18,67.96%,07/10/20
CHNG,10.05,Call,10.00,08/21/20,42,0.90,1,1.09,0.95,2516,884,2.85,67.79%,07/10/20
TWTR,35.4,Put,21.00,12/18/20,161,0.64,0.67,0.69,0.71,507,2185,0.23,67.69%,07/10/20
TWTR,35.4,Put,30.00,08/21/20,42,0.93,0.97,1.01,1.01,580,5519,0.11,67.52%,07/10/20
AMD,55.88,Call,60.00,08/07/20,28,2.45,2.67,2.89,2.58,933,1112,0.84,67.46%,07/10/20
PBR,8.7,Put,10.00,08/21/20,42,1.44,1.53,1.62,1.64,7003,21376,0.33,67.26%,07/10/20
BA,178.44,Call,200.00,09/18/20,70,12.90,13.15,13.40,13.15,856,3148,0.27,67.25%,07/10/20
PCG,9.09,Call,10.00,08/21/20,42,0.48,0.52,0.55,0.49,1706,69110,0.02,67.19%,07/10/20
CMA,35.77,Call,37.50,08/21/20,42,2.20,2.4,2.60,2.55,803,684,1.17,67.16%,07/10/20
PCG,9.09,Call,10.00,08/14/20,35,0.34,0.42,0.50,0.42,564,125,4.51,67.11%,07/10/20
PCG,9.09,Call,12.00,10/16/20,98,0.43,0.45,0.48,0.44,1307,5252,0.25,67.06%,07/10/20
Z,62.25,Call,75.00,11/20/20,133,5.70,5.95,6.20,5.85,823,1652,0.5,67.05%,07/10/20
PCG,9.09,Call,9.00,08/21/20,42,0.87,0.89,0.90,0.87,727,3421,0.21,66.95%,07/10/20
CGC,17.42,Call,17.50,08/21/20,42,1.51,1.55,1.58,1.55,2085,1572,1.33,66.91%,07/10/20
NKLA,54.24,Call,55.00,08/21/20,42,4.40,4.6,4.80,4.60,703,1254,0.56,66.90%,07/10/20
MLHR,21.38,Call,30.00,11/20/20,133,0.75,1.03,1.30,1.15,4529,5372,0.84,66.77%,07/10/20
DAL,27.09,Put,30.00,01/21/22,560,9.85,10.45,11.05,10.25,502,6869,0.07,66.75%,07/10/20
WORK,33.84,Call,34.00,09/18/20,70,3.75,3.88,4.00,3.90,747,1133,0.66,66.75%,07/10/20
DDOG,96.41,Call,110.00,11/20/20,133,10.30,10.7,11.10,10.70,1022,724,1.41,66.73%,07/10/20
AGNC,12.71,Put,5.00,01/21/22,560,0.14,0.65,1.16,0.38,620,676,0.92,66.72%,07/10/20
AIG,30.1,Put,25.00,11/20/20,133,1.84,1.94,2.03,2.25,1010,1676,0.6,66.71%,07/10/20
SQ,128.05,Call,150.00,09/18/20,70,6.75,7.18,7.60,7.55,802,4063,0.2,66.69%,07/10/20
DAL,27.09,Put,27.00,06/18/21,343,6.55,6.82,7.10,6.60,500,2090,0.24,66.67%,07/10/20
LUV,33.22,Call,40.00,08/21/20,42,0.89,0.96,1.02,0.96,776,4760,0.16,66.63%,07/10/20
F,6.1,Call,6.00,08/21/20,42,0.59,0.6,0.60,0.60,1210,8747,0.14,66.60%,07/10/20
FCX,12.97,Put,10.00,09/18/20,70,0.31,0.33,0.34,0.33,993,2196,0.45,66.54%,07/10/20
PCG,9.09,Put,9.00,09/18/20,70,0.98,0.99,1.00,0.99,1296,22867,0.06,66.48%,07/10/20
DAL,27.09,Call,27.00,06/18/21,343,6.50,6.8,7.10,7.00,693,1992,0.35,66.41%,07/10/20
COUP,308.28,Put,260.00,07/31/20,21,1.75,2.63,3.50,3.23,1001,117,8.56,66.29%,07/10/20
VTR,35.86,Put,35.00,11/20/20,133,4.40,4.7,5.00,5.10,1000,201,4.98,66.23%,07/10/20
NOK,4.12,Call,5.00,09/18/20,70,0.18,0.19,0.19,0.20,1147,9365,0.12,66.20%,07/10/20
AMD,55.88,Put,40.00,08/21/20,42,0.31,0.32,0.33,0.31,909,7346,0.12,66.07%,07/10/20
ET,6.44,Call,10.00,10/16/20,98,0.12,0.13,0.13,0.13,513,20643,0.02,66.02%,07/10/20
SNAP,25.53,Call,21.00,08/21/20,42,5.25,5.35,5.45,5.10,1020,3003,0.34,65.99%,07/10/20
TWTR,35.4,Put,33.00,08/21/20,42,1.93,2.04,2.15,1.97,673,3549,0.19,65.88%,07/10/20
WFC,25.47,Put,20.00,08/21/20,42,0.34,0.35,0.35,0.35,771,6451,0.12,65.75%,07/10/20
FCX,12.97,Put,11.00,08/21/20,42,0.32,0.35,0.37,0.35,957,6774,0.14,65.70%,07/10/20
JD,65.61,Call,32.00,01/15/21,189,33.85,34.45,35.05,34.40,1001,3860,0.26,65.60%,07/10/20
CRWD,116.65,Call,140.00,07/31/20,21,1.08,1.29,1.50,1.23,908,415,2.19,65.54%,07/10/20
PCG,9.09,Call,15.00,01/15/21,189,0.41,0.48,0.55,0.41,5228,21857,0.24,65.54%,07/10/20
TWTR,35.4,Put,35.00,08/21/20,42,2.71,2.82,2.93,2.89,1680,641,2.62,65.50%,07/10/20
PCG,9.09,Call,8.00,08/21/20,42,1.41,1.48,1.56,1.43,568,783,0.73,65.49%,07/10/20
AMD,55.88,Call,100.00,10/16/20,98,0.42,0.44,0.45,0.45,778,5200,0.15,65.40%,07/10/20
AMD,55.88,Call,70.00,08/21/20,42,1.11,1.13,1.14,1.13,1505,3288,0.46,65.36%,07/10/20
TME,17.09,Call,14.00,08/21/20,42,3.40,3.45,3.50,3.45,2046,7698,0.27,65.34%,07/10/20
CHWY,48.55,Put,40.00,08/21/20,42,0.94,1,1.05,1.01,534,479,1.11,65.31%,07/10/20
TME,17.09,Call,20.00,08/21/20,42,0.58,0.59,0.59,0.58,1734,8110,0.21,65.31%,07/10/20
NFLX,548.73,Call,600.00,07/31/20,21,15.50,15.75,16.00,16.00,1330,940,1.41,65.30%,07/10/20
CGC,17.42,Call,25.00,01/15/21,189,1.20,1.25,1.30,1.25,725,10716,0.07,65.24%,07/10/20
LYV,46.44,Call,55.00,08/21/20,42,1.40,1.6,1.79,1.44,759,2446,0.31,65.20%,07/10/20
FCX,12.97,Call,11.00,08/21/20,42,2.29,2.33,2.37,2.33,2194,14842,0.15,65.14%,07/10/20
TWTR,35.4,Call,42.00,08/21/20,42,0.97,1.08,1.18,1.08,627,573,1.09,65.12%,07/10/20
PYPL,178.4,Put,150.00,07/31/20,21,0.86,1.32,1.77,1.69,1122,822,1.36,65.02%,07/10/20
DISCK,18.08,Call,27.50,09/18/20,70,0.00,0.1,0.20,0.20,575,1148,0.5,65.00%,07/10/20
GE,6.69,Call,7.00,07/31/20,21,0.28,0.29,0.29,0.29,1049,9136,0.11,65.00%,07/10/20
EBAY,59.27,Call,70.00,07/31/20,21,0.69,0.74,0.79,0.74,587,537,1.09,64.99%,07/10/20
SFIX,28.27,Call,30.00,08/21/20,42,1.78,1.87,1.95,1.80,532,577,0.92,64.98%,07/10/20
WDC,42.31,Put,42.50,08/21/20,42,3.65,3.75,3.85,3.78,514,1889,0.27,64.96%,07/10/20
AMD,55.88,Put,52.00,08/07/20,28,1.97,2.15,2.32,2.21,500,238,2.1,64.95%,07/10/20
TWTR,35.4,Call,37.00,08/21/20,42,2.43,2.46,2.49,2.46,1393,4955,0.28,64.94%,07/10/20
GE,6.69,Put,5.00,01/15/21,189,0.38,0.4,0.42,0.42,1211,102994,0.01,64.89%,07/10/20
TWTR,35.4,Call,40.00,08/21/20,42,1.50,1.51,1.52,1.51,5053,8036,0.63,64.82%,07/10/20
TWTR,35.4,Call,41.00,08/21/20,42,1.24,1.32,1.39,1.27,661,238,2.78,64.75%,07/10/20
CRWD,116.65,Put,110.00,07/31/20,21,3.35,3.88,4.40,4.15,922,462,2,64.74%,07/10/20
MAR,88.51,Call,85.00,08/21/20,42,9.35,9.52,9.70,9.52,1522,2695,0.56,64.59%,07/10/20
BURL,178.48,Put,100.00,01/15/21,189,2.75,3.18,3.60,3.00,1001,118,8.48,64.58%,07/10/20
NOK,4.12,Call,6.00,10/16/20,98,0.11,0.11,0.12,0.11,607,8460,0.07,64.56%,07/10/20
VIAC,22.93,Call,25.00,09/18/20,70,1.71,1.78,1.85,1.80,852,8247,0.1,64.46%,07/10/20
GE,6.69,Call,7.00,08/07/20,28,0.33,0.35,0.36,0.35,5473,1216,4.5,64.45%,07/10/20
LYV,46.44,Call,50.00,01/15/21,189,7.00,7.18,7.35,7.28,2286,347,6.59,64.36%,07/10/20
NAT,4.4,Call,6.00,01/15/21,189,0.35,0.38,0.40,0.36,1115,1753,0.64,64.35%,07/10/20
SQ,128.05,Put,120.00,12/18/20,161,15.70,16.28,16.85,16.83,725,138,5.25,64.34%,07/10/20
GE,6.69,Put,6.00,08/21/20,42,0.23,0.26,0.28,0.27,1145,31510,0.04,64.34%,07/10/20
TWTR,35.4,Call,39.00,08/21/20,42,1.75,1.78,1.81,1.76,4495,2900,1.55,64.31%,07/10/20
CGC,17.42,Call,15.00,08/21/20,42,2.90,3,3.10,2.95,521,882,0.59,64.25%,07/10/20
PCG,9.09,Call,10.00,09/18/20,70,0.65,0.68,0.71,0.68,1466,5852,0.25,64.16%,07/10/20
CLF,5.74,Call,10.00,01/21/22,560,0.78,0.84,0.90,0.85,2986,35056,0.09,64.05%,07/10/20
NG,8.82,Call,11.00,01/15/21,189,0.85,0.93,1.00,0.93,1011,626,1.62,63.92%,07/10/20
SCS,10.5,Put,10.00,08/21/20,42,0.50,0.58,0.65,0.65,1258,457,2.75,63.90%,07/10/20
ON,20.49,Call,18.00,10/16/20,98,3.50,3.85,4.20,4.00,501,7150,0.07,63.82%,07/10/20
TME,17.09,Call,19.00,08/21/20,42,0.76,0.78,0.79,0.79,2056,14409,0.14,63.81%,07/10/20
PAAS,32.42,Call,37.00,08/21/20,42,1.03,1.39,1.75,1.25,517,715,0.72,63.74%,07/10/20
UBER,33.14,Put,33.00,08/21/20,42,2.72,2.8,2.88,2.75,1160,2524,0.46,63.73%,07/10/20
BB,4.73,Call,5.00,08/21/20,42,0.29,0.31,0.32,0.30,620,1620,0.38,63.70%,07/10/20
IVR,3.31,Call,3.00,01/15/21,189,0.75,0.78,0.80,0.75,961,3522,0.27,63.70%,07/10/20
HUN,17.48,Put,14.00,08/21/20,42,0.15,0.22,0.30,0.26,1250,5667,0.22,63.50%,07/10/20
PBR,8.7,Put,9.00,08/21/20,42,0.84,0.87,0.90,0.91,1001,4460,0.22,63.49%,07/10/20
MTSI,37.04,Call,40.00,08/21/20,42,2.00,2.05,2.10,2.05,567,2773,0.2,63.48%,07/10/20
WORK,33.84,Call,40.00,08/21/20,42,0.95,0.99,1.02,1.00,773,16394,0.05,63.47%,07/10/20
F,6.1,Call,6.50,08/14/20,35,0.31,0.32,0.33,0.32,871,7591,0.11,63.28%,07/10/20
CSIQ,23.4,Call,30.00,08/21/20,42,0.25,0.35,0.45,0.35,1001,221,4.53,63.21%,07/10/20
VLO,53.65,Put,50.00,09/18/20,70,3.85,3.95,4.05,4.00,932,1535,0.61,63.15%,07/10/20
DB,10.1,Put,8.00,10/16/20,98,0.40,0.41,0.42,0.40,2795,13237,0.21,63.14%,07/10/20
WFC,25.47,Call,30.00,07/31/20,21,0.28,0.3,0.32,0.30,933,1562,0.6,63.10%,07/10/20
PCG,9.09,Call,9.00,09/18/20,70,0.96,1.02,1.08,1.05,683,4631,0.15,63.09%,07/10/20
PINS,26.56,Call,30.00,01/15/21,189,3.55,3.6,3.65,3.60,538,8877,0.06,63.08%,07/10/20
PCG,9.09,Call,12.00,01/15/21,189,0.78,0.82,0.85,0.79,5467,2816,1.94,63.07%,07/10/20
NG,8.82,Call,9.00,09/18/20,70,0.90,0.95,1.00,0.90,1015,1369,0.74,63.01%,07/10/20
PCG,9.09,Call,7.00,12/18/20,161,2.63,2.84,3.05,2.65,517,542,0.95,62.90%,07/10/20
CGC,17.42,Call,20.00,01/15/21,189,2.20,2.28,2.36,2.25,582,13137,0.04,62.84%,07/10/20
AMD,55.88,Call,65.00,08/21/20,42,1.81,1.91,2.00,1.82,4497,9332,0.48,62.81%,07/10/20
AMZN,3200,Call,4400.00,08/21/20,42,21.15,24.08,27.00,23.90,725,731,0.99,62.76%,07/10/20
UBER,33.14,Call,35.00,08/21/20,42,2.05,2.11,2.16,2.07,1166,6179,0.19,62.73%,07/10/20
EBAY,59.27,Call,80.00,08/21/20,42,0.44,0.51,0.58,0.53,501,749,0.67,62.67%,07/10/20
WFC,25.47,Call,35.00,08/21/20,42,0.17,0.18,0.18,0.19,1126,17830,0.06,62.65%,07/10/20
AMD,55.88,Put,45.00,08/21/20,42,0.82,0.84,0.86,0.84,1198,6055,0.2,62.63%,07/10/20
CHWY,48.55,Call,60.00,08/21/20,42,0.94,0.97,0.99,0.97,503,1785,0.28,62.62%,07/10/20
LVS,45.72,Put,42.00,12/18/20,161,5.00,5.13,5.25,5.38,1000,749,1.34,62.53%,07/10/20
AMD,55.88,Call,62.50,08/21/20,42,2.32,2.46,2.60,2.39,875,3015,0.29,62.50%,07/10/20
GE,6.69,Call,7.00,08/21/20,42,0.43,0.44,0.45,0.44,1607,38318,0.04,62.50%,07/10/20
NFLX,548.73,Call,550.00,07/31/20,21,31.80,32.5,33.20,32.38,876,500,1.75,62.48%,07/10/20
FCX,12.97,Call,13.00,08/21/20,42,1.08,1.09,1.09,1.09,3743,26444,0.14,62.48%,07/10/20
CHWY,48.55,Call,50.00,08/21/20,42,3.45,3.48,3.50,3.50,853,1369,0.62,62.41%,07/10/20
PBR,8.7,Put,12.00,01/15/21,189,3.65,3.78,3.90,3.86,7004,119911,0.06,62.37%,07/10/20
AMD,55.88,Put,55.00,08/21/20,42,4.10,4.25,4.40,4.20,695,2601,0.27,62.36%,07/10/20
BBD,4.14,Call,4.00,08/21/20,42,0.40,0.42,0.43,0.42,9116,10832,0.84,62.26%,07/10/20
LUV,33.22,Call,50.00,09/18/20,70,0.30,0.37,0.43,0.33,716,4046,0.18,62.25%,07/10/20
PCG,9.09,Call,12.00,12/18/20,161,0.68,0.78,0.88,0.65,516,1636,0.32,62.12%,07/10/20
CHWY,48.55,Call,55.00,08/21/20,42,1.85,1.88,1.90,1.87,503,2235,0.23,62.02%,07/10/20
CARR,24.89,Call,25.00,08/21/20,42,1.95,2.03,2.10,2.05,766,679,1.13,61.95%,07/10/20
UFS,20.81,Call,22.50,08/21/20,42,1.10,1.15,1.20,1.10,875,859,1.02,61.91%,07/10/20
AGI,10.27,Call,12.50,01/15/21,189,1.00,1.08,1.15,1.10,1023,3013,0.34,61.84%,07/10/20
AMD,55.88,Call,57.50,08/21/20,42,3.95,3.98,4.00,4.00,3484,16084,0.22,61.77%,07/10/20
SNAP,25.53,Call,21.00,10/16/20,98,5.65,5.83,6.00,5.80,576,136981,0,61.73%,07/10/20
CHWY,48.55,Call,60.00,10/16/20,98,2.47,2.6,2.72,2.65,726,1254,0.58,61.67%,07/10/20
AMD,55.88,Call,60.00,08/21/20,42,3.05,3.1,3.15,3.07,7932,26053,0.3,61.64%,07/10/20
WFC,25.47,Put,22.50,08/21/20,42,0.81,0.84,0.86,0.84,1593,11241,0.14,61.61%,07/10/20
ITUB,5.09,Call,5.00,08/21/20,42,0.40,0.43,0.46,0.47,707,3314,0.21,61.59%,07/10/20
EURN,9.06,Call,11.00,08/21/20,42,0.15,0.2,0.25,0.20,700,142,4.93,61.53%,07/10/20
CHWY,48.55,Call,55.00,07/31/20,21,0.83,0.88,0.93,0.85,1440,1557,0.92,61.47%,07/10/20
F,6.1,Call,7.00,08/21/20,42,0.20,0.21,0.22,0.21,1919,15791,0.12,61.47%,07/10/20
DAL,27.09,Call,35.00,01/21/22,560,5.85,5.93,6.00,5.90,626,10170,0.06,61.39%,07/10/20
PAGS,37.17,Call,40.00,08/21/20,42,1.85,1.95,2.05,2.00,973,488,1.99,61.38%,07/10/20
WORK,33.84,Call,36.00,08/21/20,42,1.93,1.98,2.02,1.96,841,1633,0.52,61.36%,07/10/20
AGI,10.27,Put,10.00,01/15/21,189,1.55,1.6,1.65,1.60,597,898,0.66,61.34%,07/10/20
FCX,12.97,Put,13.00,08/21/20,42,1.07,1.1,1.12,1.08,580,1755,0.33,61.33%,07/10/20
AMD,55.88,Put,50.00,08/21/20,42,2.01,2.03,2.05,2.02,1749,22172,0.08,61.18%,07/10/20
PAAS,32.42,Call,40.00,10/16/20,98,1.75,1.8,1.85,1.75,522,1412,0.37,61.11%,07/10/20
PAAS,32.42,Call,33.00,10/16/20,98,3.85,3.93,4.00,3.88,515,2288,0.23,61.10%,07/10/20
PBR,8.7,Put,8.00,01/15/21,189,0.79,1.1,1.40,1.10,1301,20833,0.06,61.06%,07/10/20
WFC,25.47,Call,26.00,07/31/20,21,1.24,1.27,1.30,1.26,5734,1220,4.7,61.04%,07/10/20
ZM,275.87,Put,230.00,08/21/20,42,5.10,5.55,6.00,5.35,684,1269,0.54,61.02%,07/10/20
AMD,55.88,Put,52.50,08/21/20,42,2.93,2.99,3.05,2.94,2363,8219,0.29,60.97%,07/10/20
FCX,12.97,Put,15.00,08/21/20,42,2.37,2.43,2.48,2.42,1001,1175,0.85,60.92%,07/10/20
ATEX,43.23,Call,50.00,11/20/20,133,3.90,4.45,5.00,4.00,3137,5239,0.6,60.90%,07/10/20
F,6.1,Call,6.00,09/18/20,70,0.69,0.7,0.71,0.70,612,29095,0.02,60.87%,07/10/20
AMD,55.88,Call,55.00,08/21/20,42,5.00,5.08,5.15,5.05,1994,9905,0.2,60.82%,07/10/20
TME,17.09,Call,18.00,08/21/20,42,1.02,1.04,1.06,1.04,1116,4195,0.27,60.75%,07/10/20
AMD,55.88,Call,50.00,08/21/20,42,7.90,7.98,8.05,7.95,1085,10242,0.11,60.74%,07/10/20
WORK,33.84,Call,35.00,08/21/20,42,2.30,2.33,2.36,2.30,950,5482,0.17,60.67%,07/10/20
NFLX,548.73,Call,500.00,07/31/20,21,59.25,61.33,63.40,61.00,890,1265,0.7,60.56%,07/10/20
CHGG,75.02,Call,90.00,10/16/20,98,4.10,4.5,4.90,4.50,674,1775,0.38,60.30%,07/10/20
PBR,8.7,Put,8.00,10/16/20,98,0.70,0.71,0.72,0.71,1302,22679,0.06,60.27%,07/10/20
SNAP,25.53,Call,20.00,01/15/21,189,7.15,7.3,7.45,7.35,1248,22468,0.06,60.25%,07/10/20
WFC,25.47,Put,25.00,08/21/20,42,1.75,1.8,1.84,1.80,1090,16680,0.07,60.01%,07/10/20
CZR,12.23,Put,8.00,01/15/21,189,0.35,0.43,0.50,0.35,6000,2718,2.21,60.00%,07/10/20
"Downloaded from Barchart.com as of 07-13-2020 07:44am CDT"
